DATE,r_d,r_f
2017-01-01,1.5,
2017-01-02,1.5,
2017-01-03,1.5,0.53
2017-01-04,1.5,0.52
2017-01-05,1.5,0.51
2017-01-06,1.5,0.52
2017-01-09,1.5,0.5
2017-01-10,1.5,0.51
2017-01-11,1.5,0.51
2017-01-12,1.5,0.51
2017-01-13,1.5,0.52
2017-01-16,1.5,0.52
2017-01-17,1.5,0.54
2017-01-18,1.5,0.52
2017-01-19,1.5,0.51
2017-01-20,1.5,0.49
2017-01-23,1.5,0.51
2017-01-24,1.5,0.5
2017-01-25,1.5,0.49
2017-01-26,1.5,0.5
2017-01-27,1.5,0.51
2017-01-30,1.5,0.51
2017-01-31,1.5,0.52
2017-02-01,1.49,0.5
2017-02-02,1.49,0.51
2017-02-03,1.49,0.5
2017-02-06,1.49,0.53
2017-02-07,1.49,0.53
2017-02-08,1.49,0.53
2017-02-09,1.49,0.53
2017-02-10,1.49,0.54
2017-02-13,1.49,0.52
2017-02-14,1.49,0.54
2017-02-15,1.49,0.53
2017-02-16,1.49,0.52
2017-02-17,1.49,0.52
2017-02-20,1.49,0.52
2017-02-21,1.49,0.53
2017-02-22,1.49,0.52
2017-02-23,1.49,0.51
2017-02-24,1.49,0.51
2017-02-27,1.49,0.5
2017-02-28,1.49,0.53
2017-03-01,1.48,0.62
2017-03-02,1.48,0.66
2017-03-03,1.48,0.7
2017-03-06,1.48,0.73
2017-03-07,1.48,0.75
2017-03-08,1.48,0.72
2017-03-09,1.48,0.72
2017-03-10,1.48,0.73
2017-03-13,1.48,0.78
2017-03-14,1.48,0.77
2017-03-15,1.48,0.72
2017-03-16,1.48,0.72
2017-03-17,1.48,0.72
2017-03-20,1.48,0.75
2017-03-21,1.48,0.76
2017-03-22,1.48,0.76
2017-03-23,1.48,0.75
2017-03-24,1.48,0.77
2017-03-27,1.48,0.77
2017-03-28,1.48,0.77
2017-03-29,1.48,0.77
2017-03-30,1.48,0.77
2017-03-31,1.48,0.75
2017-04-01,1.43,0.75
2017-04-03,1.43,0.78
2017-04-04,1.43,0.78
2017-04-05,1.43,0.79
2017-04-06,1.43,0.78
2017-04-07,1.43,0.81
2017-04-10,1.43,0.81
2017-04-11,1.43,0.81
2017-04-12,1.43,0.8
2017-04-13,1.43,0.8
2017-04-14,1.43,0.8
2017-04-17,1.43,0.82
2017-04-18,1.43,0.81
2017-04-19,1.43,0.8
2017-04-20,1.43,0.78
2017-04-21,1.43,0.78
2017-04-24,1.43,0.8
2017-04-25,1.43,0.81
2017-04-26,1.43,0.82
2017-04-27,1.43,0.8
2017-04-28,1.43,0.79
2017-05-01,1.39,0.82
2017-05-02,1.39,0.81
2017-05-03,1.39,0.84
2017-05-04,1.39,0.84
2017-05-05,1.39,0.88
2017-05-08,1.39,0.9
2017-05-09,1.39,0.9
2017-05-10,1.39,0.89
2017-05-11,1.39,0.87
2017-05-12,1.39,0.86
2017-05-15,1.39,0.89
2017-05-16,1.39,0.89
2017-05-17,1.39,0.89
2017-05-18,1.39,0.91
2017-05-19,1.39,0.9
2017-05-22,1.39,0.92
2017-05-23,1.39,0.91
2017-05-24,1.39,0.92
2017-05-25,1.39,0.92
2017-05-26,1.39,0.92
2017-05-29,1.39,0.92
2017-05-30,1.39,0.92
2017-05-31,1.39,0.96
2017-06-01,1.38,0.96
2017-06-02,1.38,0.96
2017-06-05,1.38,0.95
2017-06-06,1.38,0.96
2017-06-07,1.38,0.98
2017-06-08,1.38,0.99
2017-06-09,1.38,0.99
2017-06-12,1.38,0.97
2017-06-13,1.38,0.99
2017-06-14,1.38,0.99
2017-06-15,1.38,1.0
2017-06-16,1.38,1.01
2017-06-19,1.38,1.01
2017-06-20,1.38,1.0
2017-06-21,1.38,0.97
2017-06-22,1.38,0.94
2017-06-23,1.38,0.95
2017-06-26,1.38,0.98
2017-06-27,1.38,0.99
2017-06-28,1.38,1.0
2017-06-29,1.38,1.02
2017-06-30,1.38,1.01
2017-07-01,1.39,1.01
2017-07-03,1.39,1.04
2017-07-04,1.39,1.04
2017-07-05,1.39,1.03
2017-07-06,1.39,1.02
2017-07-07,1.39,1.03
2017-07-10,1.39,1.03
2017-07-11,1.39,1.03
2017-07-12,1.39,1.03
2017-07-13,1.39,1.03
2017-07-14,1.39,1.02
2017-07-17,1.39,1.05
2017-07-18,1.39,1.05
2017-07-19,1.39,1.09
2017-07-20,1.39,1.13
2017-07-21,1.39,1.14
2017-07-24,1.39,1.15
2017-07-25,1.39,1.16
2017-07-26,1.39,1.11
2017-07-27,1.39,1.09
2017-07-28,1.39,1.06
2017-07-31,1.39,1.05
2017-08-01,1.39,1.06
2017-08-02,1.39,1.06
2017-08-03,1.39,1.06
2017-08-04,1.39,1.06
2017-08-07,1.39,1.01
2017-08-08,1.39,1.04
2017-08-09,1.39,1.04
2017-08-10,1.39,1.03
2017-08-11,1.39,1.01
2017-08-14,1.39,1.01
2017-08-15,1.39,1.02
2017-08-16,1.39,1.0
2017-08-17,1.39,0.98
2017-08-18,1.39,1.0
2017-08-21,1.39,0.99
2017-08-22,1.39,0.99
2017-08-23,1.39,0.98
2017-08-24,1.39,1.0
2017-08-25,1.39,1.01
2017-08-28,1.39,0.97
2017-08-29,1.39,1.01
2017-08-30,1.39,1.01
2017-08-31,1.39,0.99
2017-09-01,1.38,1.0
2017-09-04,1.38,1.0
2017-09-05,1.38,1.01
2017-09-06,1.38,1.05
2017-09-07,1.38,1.03
2017-09-08,1.38,1.02
2017-09-11,1.38,1.04
2017-09-12,1.38,1.02
2017-09-13,1.38,1.02
2017-09-14,1.38,1.03
2017-09-15,1.38,1.03
2017-09-18,1.38,1.04
2017-09-19,1.38,1.03
2017-09-20,1.38,1.02
2017-09-21,1.38,1.02
2017-09-22,1.38,1.01
2017-09-25,1.38,1.04
2017-09-26,1.38,1.05
2017-09-27,1.38,1.05
2017-09-28,1.38,1.04
2017-09-29,1.38,1.04
2017-10-01,1.38,1.04
2017-10-02,1.38,1.0
2017-10-03,1.38,1.05
2017-10-04,1.38,1.06
2017-10-05,1.38,1.05
2017-10-06,1.38,1.05
2017-10-09,1.38,1.05
2017-10-10,1.38,1.06
2017-10-11,1.38,1.08
2017-10-12,1.38,1.07
2017-10-13,1.38,1.07
2017-10-16,1.38,1.09
2017-10-17,1.38,1.07
2017-10-18,1.38,1.07
2017-10-19,1.38,1.08
2017-10-20,1.38,1.09
2017-10-23,1.38,1.08
2017-10-24,1.38,1.1
2017-10-25,1.38,1.1
2017-10-26,1.38,1.09
2017-10-27,1.38,1.08
2017-10-30,1.38,1.1
2017-10-31,1.38,1.13
2017-11-01,1.45,1.16
2017-11-02,1.45,1.15
2017-11-03,1.45,1.16
2017-11-06,1.45,1.17
2017-11-07,1.45,1.2
2017-11-08,1.45,1.21
2017-11-09,1.45,1.22
2017-11-10,1.45,1.21
2017-11-13,1.45,1.22
2017-11-14,1.45,1.24
2017-11-15,1.45,1.23
2017-11-16,1.45,1.25
2017-11-17,1.45,1.26
2017-11-20,1.45,1.28
2017-11-21,1.45,1.28
2017-11-22,1.45,1.27
2017-11-23,1.45,1.27
2017-11-24,1.45,1.26
2017-11-27,1.45,1.25
2017-11-28,1.45,1.28
2017-11-29,1.45,1.27
2017-11-30,1.45,1.25
2017-12-01,1.66,1.25
2017-12-04,1.66,1.28
2017-12-05,1.66,1.28
2017-12-06,1.66,1.28
2017-12-07,1.66,1.27
2017-12-08,1.66,1.26
2017-12-11,1.66,1.31
2017-12-12,1.66,1.32
2017-12-13,1.66,1.28
2017-12-14,1.66,1.3
2017-12-15,1.66,1.29
2017-12-18,1.66,1.36
2017-12-19,1.66,1.35
2017-12-20,1.66,1.36
2017-12-21,1.66,1.33
2017-12-22,1.66,1.31
2017-12-25,1.66,1.31
2017-12-26,1.66,1.45
2017-12-27,1.66,1.42
2017-12-28,1.66,1.37
2017-12-29,1.66,1.37
2018-01-01,1.66,1.37
2018-01-02,1.66,1.42
2018-01-03,1.66,1.39
2018-01-04,1.66,1.39
2018-01-05,1.66,1.37
2018-01-08,1.66,1.43
2018-01-09,1.66,1.42
2018-01-10,1.66,1.4
2018-01-11,1.66,1.41
2018-01-12,1.66,1.41
2018-01-15,1.66,1.41
2018-01-16,1.66,1.43
2018-01-17,1.66,1.42
2018-01-18,1.66,1.43
2018-01-19,1.66,1.42
2018-01-22,1.66,1.43
2018-01-23,1.66,1.42
2018-01-24,1.66,1.41
2018-01-25,1.66,1.4
2018-01-26,1.66,1.39
2018-01-29,1.66,1.43
2018-01-30,1.66,1.42
2018-01-31,1.66,1.44
2018-02-01,1.65,1.46
2018-02-02,1.65,1.46
2018-02-05,1.65,1.49
2018-02-06,1.65,1.5
2018-02-07,1.65,1.53
2018-02-08,1.65,1.53
2018-02-09,1.65,1.53
2018-02-12,1.65,1.61
2018-02-13,1.65,1.57
2018-02-14,1.65,1.56
2018-02-15,1.65,1.56
2018-02-16,1.65,1.59
2018-02-19,1.65,1.59
2018-02-20,1.65,1.64
2018-02-21,1.65,1.62
2018-02-22,1.65,1.61
2018-02-23,1.65,1.61
2018-02-26,1.65,1.65
2018-02-27,1.65,1.64
2018-02-28,1.65,1.63
2018-03-01,1.65,1.6
2018-03-02,1.65,1.62
2018-03-05,1.65,1.67
2018-03-06,1.65,1.65
2018-03-07,1.65,1.65
2018-03-08,1.65,1.64
2018-03-09,1.65,1.64
2018-03-12,1.65,1.68
2018-03-13,1.65,1.7
2018-03-14,1.65,1.73
2018-03-15,1.65,1.74
2018-03-16,1.65,1.75
2018-03-19,1.65,1.77
2018-03-20,1.65,1.78
2018-03-21,1.65,1.71
2018-03-22,1.65,1.69
2018-03-23,1.65,1.71
2018-03-26,1.65,1.76
2018-03-27,1.65,1.74
2018-03-28,1.65,1.7
2018-03-29,1.65,1.7
2018-03-30,1.65,1.7
2018-04-01,1.65,1.7
2018-04-02,1.65,1.74
2018-04-03,1.65,1.72
2018-04-04,1.65,1.68
2018-04-05,1.65,1.69
2018-04-06,1.65,1.7
2018-04-09,1.65,1.73
2018-04-10,1.65,1.71
2018-04-11,1.65,1.7
2018-04-12,1.65,1.72
2018-04-13,1.65,1.73
2018-04-16,1.65,1.76
2018-04-17,1.65,1.77
2018-04-18,1.65,1.78
2018-04-19,1.65,1.79
2018-04-20,1.65,1.78
2018-04-23,1.65,1.84
2018-04-24,1.65,1.84
2018-04-25,1.65,1.82
2018-04-26,1.65,1.79
2018-04-27,1.65,1.78
2018-04-30,1.65,1.84
2018-05-01,1.65,1.82
2018-05-02,1.65,1.81
2018-05-03,1.65,1.8
2018-05-04,1.65,1.8
2018-05-07,1.65,1.83
2018-05-08,1.65,1.84
2018-05-09,1.65,1.85
2018-05-10,1.65,1.86
2018-05-11,1.65,1.88
2018-05-14,1.65,1.9
2018-05-15,1.65,1.89
2018-05-16,1.65,1.88
2018-05-17,1.65,1.88
2018-05-18,1.65,1.87
2018-05-21,1.65,1.9
2018-05-22,1.65,1.9
2018-05-23,1.65,1.88
2018-05-24,1.65,1.87
2018-05-25,1.65,1.86
2018-05-28,1.65,1.86
2018-05-29,1.65,1.9
2018-05-30,1.65,1.9
2018-05-31,1.65,1.89
2018-06-01,1.65,1.88
2018-06-04,1.65,1.91
2018-06-05,1.65,1.91
2018-06-06,1.65,1.91
2018-06-07,1.65,1.9
2018-06-08,1.65,1.89
2018-06-11,1.65,1.91
2018-06-12,1.65,1.89
2018-06-13,1.65,1.9
2018-06-14,1.65,1.9
2018-06-15,1.65,1.9
2018-06-18,1.65,1.91
2018-06-19,1.65,1.91
2018-06-20,1.65,1.9
2018-06-21,1.65,1.9
2018-06-22,1.65,1.89
2018-06-25,1.65,1.9
2018-06-26,1.65,1.9
2018-06-27,1.65,1.89
2018-06-28,1.65,1.89
2018-06-29,1.65,1.89
2018-07-01,1.65,1.89
2018-07-02,1.65,1.95
2018-07-03,1.65,1.94
2018-07-04,1.65,1.94
2018-07-05,1.65,1.92
2018-07-06,1.65,1.93
2018-07-09,1.65,1.95
2018-07-10,1.65,1.95
2018-07-11,1.65,1.93
2018-07-12,1.65,1.94
2018-07-13,1.65,1.94
2018-07-16,1.65,1.98
2018-07-17,1.65,1.98
2018-07-18,1.65,1.96
2018-07-19,1.65,1.96
2018-07-20,1.65,1.95
2018-07-23,1.65,1.96
2018-07-24,1.65,1.98
2018-07-25,1.65,1.97
2018-07-26,1.65,1.95
2018-07-27,1.65,1.96
2018-07-30,1.65,2.01
2018-07-31,1.65,1.99
2018-08-01,1.65,1.99
2018-08-02,1.65,1.98
2018-08-03,1.65,1.97
2018-08-06,1.65,2.02
2018-08-07,1.65,2.02
2018-08-08,1.65,2.02
2018-08-09,1.65,2.02
2018-08-10,1.65,2.01
2018-08-13,1.65,2.03
2018-08-14,1.65,2.04
2018-08-15,1.65,2.03
2018-08-16,1.65,2.03
2018-08-17,1.65,2.01
2018-08-20,1.65,2.03
2018-08-21,1.65,2.04
2018-08-22,1.65,2.05
2018-08-23,1.65,2.04
2018-08-24,1.65,2.05
2018-08-27,1.65,2.08
2018-08-28,1.65,2.09
2018-08-29,1.65,2.09
2018-08-30,1.65,2.07
2018-08-31,1.65,2.07
2018-09-01,1.65,2.07
2018-09-03,1.65,2.07
2018-09-04,1.65,2.09
2018-09-05,1.65,2.1
2018-09-06,1.65,2.09
2018-09-07,1.65,2.1
2018-09-10,1.65,2.11
2018-09-11,1.65,2.11
2018-09-12,1.65,2.12
2018-09-13,1.65,2.11
2018-09-14,1.65,2.12
2018-09-17,1.65,2.13
2018-09-18,1.65,2.13
2018-09-19,1.65,2.12
2018-09-20,1.65,2.13
2018-09-21,1.65,2.14
2018-09-24,1.65,2.18
2018-09-25,1.65,2.17
2018-09-26,1.65,2.16
2018-09-27,1.65,2.14
2018-09-28,1.65,2.15
2018-10-01,1.68,2.19
2018-10-02,1.68,2.19
2018-10-03,1.68,2.19
2018-10-04,1.68,2.18
2018-10-05,1.68,2.18
2018-10-08,1.68,2.18
2018-10-09,1.68,2.21
2018-10-10,1.68,2.23
2018-10-11,1.68,2.22
2018-10-12,1.68,2.23
2018-10-15,1.68,2.27
2018-10-16,1.68,2.26
2018-10-17,1.68,2.27
2018-10-18,1.68,2.27
2018-10-19,1.68,2.26
2018-10-22,1.68,2.3
2018-10-23,1.68,2.29
2018-10-24,1.68,2.29
2018-10-25,1.68,2.29
2018-10-26,1.68,2.28
2018-10-29,1.68,2.3
2018-10-30,1.68,2.29
2018-10-31,1.68,2.29
2018-11-01,1.71,2.27
2018-11-02,1.71,2.28
2018-11-05,1.71,2.32
2018-11-06,1.71,2.31
2018-11-07,1.71,2.32
2018-11-08,1.71,2.3
2018-11-09,1.71,2.31
2018-11-12,1.71,2.31
2018-11-13,1.71,2.34
2018-11-14,1.71,2.33
2018-11-15,1.71,2.32
2018-11-16,1.71,2.31
2018-11-19,1.71,2.34
2018-11-20,1.71,2.34
2018-11-21,1.71,2.36
2018-11-22,1.71,2.36
2018-11-23,1.71,2.36
2018-11-26,1.71,2.37
2018-11-27,1.71,2.36
2018-11-28,1.71,2.35
2018-11-29,1.71,2.32
2018-11-30,1.71,2.32
2018-12-01,1.91,2.32
2018-12-03,1.91,2.34
2018-12-04,1.91,2.38
2018-12-05,1.91,2.38
2018-12-06,1.91,2.36
2018-12-07,1.91,2.35
2018-12-10,1.91,2.37
2018-12-11,1.91,2.37
2018-12-12,1.91,2.39
2018-12-13,1.91,2.38
2018-12-14,1.91,2.37
2018-12-17,1.91,2.36
2018-12-18,1.91,2.34
2018-12-19,1.91,2.35
2018-12-20,1.91,2.34
2018-12-21,1.91,2.34
2018-12-24,1.91,2.41
2018-12-25,1.91,2.41
2018-12-26,1.91,2.39
2018-12-27,1.91,2.36
2018-12-28,1.91,2.35
2018-12-31,1.91,2.4
2019-01-01,1.87,2.4
2019-01-02,1.87,2.37
2019-01-03,1.87,2.36
2019-01-04,1.87,2.37
2019-01-07,1.87,2.41
2019-01-08,1.87,2.41
2019-01-09,1.87,2.4
2019-01-10,1.87,2.38
2019-01-11,1.87,2.38
2019-01-14,1.87,2.4
2019-01-15,1.87,2.4
2019-01-16,1.87,2.38
2019-01-17,1.87,2.37
2019-01-18,1.87,2.36
2019-01-21,1.87,2.36
2019-01-22,1.87,2.38
2019-01-23,1.87,2.36
2019-01-24,1.87,2.32
2019-01-25,1.87,2.34
2019-01-28,1.87,2.37
2019-01-29,1.87,2.37
2019-01-30,1.87,2.37
2019-01-31,1.87,2.36
2019-02-01,1.87,2.35
2019-02-04,1.87,2.37
2019-02-05,1.87,2.37
2019-02-06,1.87,2.37
2019-02-07,1.87,2.37
2019-02-08,1.87,2.38
2019-02-11,1.87,2.4
2019-02-12,1.87,2.38
2019-02-13,1.87,2.39
2019-02-14,1.87,2.38
2019-02-15,1.87,2.38
2019-02-18,1.87,2.38
2019-02-19,1.87,2.41
2019-02-20,1.87,2.4
2019-02-21,1.87,2.4
2019-02-22,1.87,2.41
2019-02-25,1.87,2.42
2019-02-26,1.87,2.4
2019-02-27,1.87,2.4
2019-02-28,1.87,2.4
2019-03-01,1.9,2.39
2019-03-04,1.9,2.41
2019-03-05,1.9,2.41
2019-03-06,1.9,2.41
2019-03-07,1.9,2.4
2019-03-08,1.9,2.41
2019-03-11,1.9,2.41
2019-03-12,1.9,2.41
2019-03-13,1.9,2.4
2019-03-14,1.9,2.4
2019-03-15,1.9,2.4
2019-03-18,1.9,2.39
2019-03-19,1.9,2.41
2019-03-20,1.9,2.42
2019-03-21,1.9,2.43
2019-03-22,1.9,2.41
2019-03-25,1.9,2.41
2019-03-26,1.9,2.41
2019-03-27,1.9,2.39
2019-03-28,1.9,2.38
2019-03-29,1.9,2.35
2019-04-01,1.86,2.38
2019-04-02,1.86,2.37
2019-04-03,1.86,2.39
2019-04-04,1.86,2.39
2019-04-05,1.86,2.39
2019-04-08,1.86,2.38
2019-04-09,1.86,2.37
2019-04-10,1.86,2.38
2019-04-11,1.86,2.38
2019-04-12,1.86,2.39
2019-04-15,1.86,2.38
2019-04-16,1.86,2.38
2019-04-17,1.86,2.39
2019-04-18,1.86,2.37
2019-04-19,1.86,2.37
2019-04-22,1.86,2.39
2019-04-23,1.86,2.4
2019-04-24,1.86,2.39
2019-04-25,1.86,2.38
2019-04-26,1.86,2.37
2019-04-29,1.86,2.39
2019-04-30,1.86,2.38
2019-05-01,1.84,2.38
2019-05-02,1.84,2.41
2019-05-03,1.84,2.38
2019-05-06,1.84,2.39
2019-05-07,1.84,2.38
2019-05-08,1.84,2.38
2019-05-09,1.84,2.38
2019-05-10,1.84,2.38
2019-05-13,1.84,2.36
2019-05-14,1.84,2.36
2019-05-15,1.84,2.37
2019-05-16,1.84,2.35
2019-05-17,1.84,2.34
2019-05-20,1.84,2.34
2019-05-21,1.84,2.34
2019-05-22,1.84,2.33
2019-05-23,1.84,2.32
2019-05-24,1.84,2.3
2019-05-27,1.84,2.3
2019-05-28,1.84,2.32
2019-05-29,1.84,2.32
2019-05-30,1.84,2.33
2019-05-31,1.84,2.3
2019-06-01,1.8,2.3
2019-06-03,1.8,2.3
2019-06-04,1.8,2.3
2019-06-05,1.8,2.3
2019-06-06,1.8,2.28
2019-06-07,1.8,2.23
2019-06-10,1.8,2.24
2019-06-11,1.8,2.22
2019-06-12,1.8,2.19
2019-06-13,1.8,2.14
2019-06-14,1.8,2.15
2019-06-17,1.8,2.18
2019-06-18,1.8,2.17
2019-06-19,1.8,2.13
2019-06-20,1.8,2.09
2019-06-21,1.8,2.07
2019-06-24,1.8,2.08
2019-06-25,1.8,2.07
2019-06-26,1.8,2.1
2019-06-27,1.8,2.09
2019-06-28,1.8,2.08
2019-07-01,1.68,2.16
2019-07-02,1.68,2.15
2019-07-03,1.68,2.16
2019-07-04,1.68,2.16
2019-07-05,1.68,2.18
2019-07-08,1.68,2.21
2019-07-09,1.68,2.21
2019-07-10,1.68,2.15
2019-07-11,1.68,2.12
2019-07-12,1.68,2.1
2019-07-15,1.68,2.11
2019-07-16,1.68,2.1
2019-07-17,1.68,2.09
2019-07-18,1.68,2.01
2019-07-19,1.68,2.02
2019-07-22,1.68,2.04
2019-07-23,1.68,2.02
2019-07-24,1.68,2.05
2019-07-25,1.68,2.06
2019-07-26,1.68,2.08
2019-07-29,1.68,2.07
2019-07-30,1.68,2.04
2019-07-31,1.68,2.04
2019-08-01,1.49,2.03
2019-08-02,1.49,2.02
2019-08-05,1.49,2.0
2019-08-06,1.49,2.01
2019-08-07,1.49,1.98
2019-08-08,1.49,1.98
2019-08-09,1.49,1.96
2019-08-12,1.49,1.96
2019-08-13,1.49,1.96
2019-08-14,1.49,1.92
2019-08-15,1.49,1.87
2019-08-16,1.49,1.83
2019-08-19,1.49,1.9
2019-08-20,1.49,1.9
2019-08-21,1.49,1.93
2019-08-22,1.49,1.96
2019-08-23,1.49,1.93
2019-08-26,1.49,1.96
2019-08-27,1.49,1.94
2019-08-28,1.49,1.95
2019-08-29,1.49,1.95
2019-08-30,1.49,1.95
2019-09-01,1.54,1.95
2019-09-02,1.54,1.95
2019-09-03,1.54,1.94
2019-09-04,1.54,1.93
2019-09-05,1.54,1.93
2019-09-06,1.54,1.92
2019-09-09,1.54,1.92
2019-09-10,1.54,1.91
2019-09-11,1.54,1.92
2019-09-12,1.54,1.91
2019-09-13,1.54,1.92
2019-09-16,1.54,1.95
2019-09-17,1.54,1.95
2019-09-18,1.54,1.91
2019-09-19,1.54,1.89
2019-09-20,1.54,1.87
2019-09-23,1.54,1.9
2019-09-24,1.54,1.88
2019-09-25,1.54,1.85
2019-09-26,1.54,1.79
2019-09-27,1.54,1.76
2019-09-30,1.54,1.84
2019-10-01,1.46,1.78
2019-10-02,1.46,1.75
2019-10-03,1.46,1.67
2019-10-04,1.46,1.68
2019-10-07,1.46,1.71
2019-10-08,1.46,1.68
2019-10-09,1.46,1.66
2019-10-10,1.46,1.65
2019-10-11,1.46,1.65
2019-10-14,1.46,1.65
2019-10-15,1.46,1.64
2019-10-16,1.46,1.63
2019-10-17,1.46,1.63
2019-10-18,1.46,1.63
2019-10-21,1.46,1.64
2019-10-22,1.46,1.62
2019-10-23,1.46,1.62
2019-10-24,1.46,1.64
2019-10-25,1.46,1.63
2019-10-28,1.46,1.62
2019-10-29,1.46,1.6
2019-10-30,1.46,1.59
2019-10-31,1.46,1.51
2019-11-01,1.52,1.49
2019-11-04,1.52,1.5
2019-11-05,1.52,1.53
2019-11-06,1.52,1.53
2019-11-07,1.52,1.53
2019-11-08,1.52,1.52
2019-11-11,1.52,1.52
2019-11-12,1.52,1.56
2019-11-13,1.52,1.54
2019-11-14,1.52,1.54
2019-11-15,1.52,1.54
2019-11-18,1.52,1.54
2019-11-19,1.52,1.54
2019-11-20,1.52,1.54
2019-11-21,1.52,1.55
2019-11-22,1.52,1.55
2019-11-25,1.52,1.58
2019-11-26,1.52,1.57
2019-11-27,1.52,1.59
2019-11-28,1.52,1.59
2019-11-29,1.52,1.56
2019-12-01,1.53,1.56
2019-12-02,1.53,1.57
2019-12-03,1.53,1.54
2019-12-04,1.53,1.52
2019-12-05,1.53,1.51
2019-12-06,1.53,1.5
2019-12-09,1.53,1.51
2019-12-10,1.53,1.53
2019-12-11,1.53,1.54
2019-12-12,1.53,1.53
2019-12-13,1.53,1.54
2019-12-16,1.53,1.54
2019-12-17,1.53,1.53
2019-12-18,1.53,1.53
2019-12-19,1.53,1.54
2019-12-20,1.53,1.55
2019-12-23,1.53,1.56
2019-12-24,1.53,1.55
2019-12-25,1.53,1.55
2019-12-26,1.53,1.55
2019-12-27,1.53,1.54
2019-12-30,1.53,1.54
2019-12-31,1.53,1.52
2020-01-01,1.47,1.52
2020-01-02,1.47,1.51
2020-01-03,1.47,1.49
2020-01-06,1.47,1.53
2020-01-07,1.47,1.51
2020-01-08,1.47,1.51
2020-01-09,1.47,1.51
2020-01-10,1.47,1.51
2020-01-13,1.47,1.54
2020-01-14,1.47,1.54
2020-01-15,1.47,1.54
2020-01-16,1.47,1.52
2020-01-17,1.47,1.53
2020-01-20,1.47,1.53
2020-01-21,1.47,1.53
2020-01-22,1.47,1.52
2020-01-23,1.47,1.52
2020-01-24,1.47,1.51
2020-01-27,1.47,1.52
2020-01-28,1.47,1.54
2020-01-29,1.47,1.53
2020-01-30,1.47,1.54
2020-01-31,1.47,1.52
2020-02-01,1.42,1.52
2020-02-03,1.42,1.54
2020-02-04,1.42,1.54
2020-02-05,1.42,1.54
2020-02-06,1.42,1.54
2020-02-07,1.42,1.53
2020-02-10,1.42,1.55
2020-02-11,1.42,1.54
2020-02-12,1.42,1.55
2020-02-13,1.42,1.56
2020-02-14,1.42,1.55
2020-02-17,1.42,1.55
2020-02-18,1.42,1.55
2020-02-19,1.42,1.55
2020-02-20,1.42,1.55
2020-02-21,1.42,1.53
2020-02-24,1.42,1.5
2020-02-25,1.42,1.5
2020-02-26,1.42,1.5
2020-02-27,1.42,1.42
2020-02-28,1.42,1.25
2020-03-01,1.23,1.25
2020-03-02,1.23,1.1
2020-03-03,1.23,0.93
2020-03-04,1.23,0.71
2020-03-05,1.23,0.61
2020-03-06,1.23,0.45
2020-03-09,1.23,0.32
2020-03-10,1.23,0.43
2020-03-11,1.23,0.41
2020-03-12,1.23,0.33
2020-03-13,1.23,0.27
2020-03-16,1.23,0.24
2020-03-17,1.23,0.19
2020-03-18,1.23,0.02
2020-03-19,1.23,0.04
2020-03-20,1.23,0.05
2020-03-23,1.23,0.02
2020-03-24,1.23,0.01
2020-03-25,1.23,-0.04
2020-03-26,1.23,-0.05
2020-03-27,1.23,0.03
2020-03-30,1.23,0.12
2020-03-31,1.23,0.11
2020-04-01,1.1,0.09
2020-04-02,1.1,0.09
2020-04-03,1.1,0.1
2020-04-06,1.1,0.15
2020-04-07,1.1,0.14
2020-04-08,1.1,0.22
2020-04-09,1.1,0.25
2020-04-10,1.1,0.25
2020-04-13,1.1,0.26
2020-04-14,1.1,0.2
2020-04-15,1.1,0.14
2020-04-16,1.1,0.14
2020-04-17,1.1,0.12
2020-04-20,1.1,0.12
2020-04-21,1.1,0.11
2020-04-22,1.1,0.12
2020-04-23,1.1,0.11
2020-04-24,1.1,0.12
2020-04-27,1.1,0.12
2020-04-28,1.1,0.11
2020-04-29,1.1,0.1
2020-04-30,1.1,0.09
2020-05-01,1.02,0.12
2020-05-04,1.02,0.13
2020-05-05,1.02,0.13
2020-05-06,1.02,0.12
2020-05-07,1.02,0.11
2020-05-08,1.02,0.12
2020-05-11,1.02,0.12
2020-05-12,1.02,0.13
2020-05-13,1.02,0.13
2020-05-14,1.02,0.12
2020-05-15,1.02,0.12
2020-05-18,1.02,0.13
2020-05-19,1.02,0.13
2020-05-20,1.02,0.12
2020-05-21,1.02,0.12
2020-05-22,1.02,0.12
2020-05-25,1.02,0.12
2020-05-26,1.02,0.14
2020-05-27,1.02,0.15
2020-05-28,1.02,0.15
2020-05-29,1.02,0.14
2020-06-01,0.79,0.14
2020-06-02,0.79,0.15
2020-06-03,0.79,0.16
2020-06-04,0.79,0.15
2020-06-05,0.79,0.15
2020-06-08,0.79,0.17
2020-06-09,0.79,0.19
2020-06-10,0.79,0.17
2020-06-11,0.79,0.17
2020-06-12,0.79,0.16
2020-06-15,0.79,0.18
2020-06-16,0.79,0.17
2020-06-17,0.79,0.17
2020-06-18,0.79,0.16
2020-06-19,0.79,0.15
2020-06-22,0.79,0.16
2020-06-23,0.79,0.16
2020-06-24,0.79,0.15
2020-06-25,0.79,0.16
2020-06-26,0.79,0.14
2020-06-29,0.79,0.14
2020-06-30,0.79,0.16
2020-07-01,0.79,0.14
2020-07-02,0.79,0.14
2020-07-03,0.79,0.14
2020-07-06,0.79,0.15
2020-07-07,0.79,0.15
2020-07-08,0.79,0.15
2020-07-09,0.79,0.13
2020-07-10,0.79,0.13
2020-07-13,0.79,0.14
2020-07-14,0.79,0.15
2020-07-15,0.79,0.16
2020-07-16,0.79,0.11
2020-07-17,0.79,0.11
2020-07-20,0.79,0.13
2020-07-21,0.79,0.13
2020-07-22,0.79,0.13
2020-07-23,0.79,0.12
2020-07-24,0.79,0.11
2020-07-27,0.79,0.11
2020-07-28,0.79,0.11
2020-07-29,0.79,0.11
2020-07-30,0.79,0.09
2020-07-31,0.79,0.09
2020-08-01,0.68,0.09
2020-08-03,0.68,0.1
2020-08-04,0.68,0.09
2020-08-05,0.68,0.1
2020-08-06,0.68,0.1
2020-08-07,0.68,0.1
2020-08-10,0.68,0.11
2020-08-11,0.68,0.11
2020-08-12,0.68,0.11
2020-08-13,0.68,0.1
2020-08-14,0.68,0.1
2020-08-17,0.68,0.1
2020-08-18,0.68,0.09
2020-08-19,0.68,0.11
2020-08-20,0.68,0.11
2020-08-21,0.68,0.1
2020-08-24,0.68,0.12
2020-08-25,0.68,0.11
2020-08-26,0.68,0.11
2020-08-27,0.68,0.11
2020-08-28,0.68,0.1
2020-08-31,0.68,0.11
2020-09-01,0.63,0.12
2020-09-02,0.63,0.12
2020-09-03,0.63,0.11
2020-09-04,0.63,0.11
2020-09-07,0.63,0.11
2020-09-08,0.63,0.13
2020-09-09,0.63,0.12
2020-09-10,0.63,0.12
2020-09-11,0.63,0.11
2020-09-14,0.63,0.11
2020-09-15,0.63,0.11
2020-09-16,0.63,0.12
2020-09-17,0.63,0.09
2020-09-18,0.63,0.1
2020-09-21,0.63,0.1
2020-09-22,0.63,0.1
2020-09-23,0.63,0.11
2020-09-24,0.63,0.1
2020-09-25,0.63,0.1
2020-09-28,0.63,0.11
2020-09-29,0.63,0.09
2020-09-30,0.63,0.1
2020-10-01,0.63,0.09
2020-10-02,0.63,0.09
2020-10-05,0.63,0.1
2020-10-06,0.63,0.1
2020-10-07,0.63,0.1
2020-10-08,0.63,0.09
2020-10-09,0.63,0.1
2020-10-12,0.63,0.1
2020-10-13,0.63,0.11
2020-10-14,0.63,0.12
2020-10-15,0.63,0.11
2020-10-16,0.63,0.11
2020-10-19,0.63,0.11
2020-10-20,0.63,0.1
2020-10-21,0.63,0.1
2020-10-22,0.63,0.09
2020-10-23,0.63,0.1
2020-10-26,0.63,0.11
2020-10-27,0.63,0.1
2020-10-28,0.63,0.1
2020-10-29,0.63,0.09
2020-10-30,0.63,0.09
2020-11-01,0.66,0.09
2020-11-02,0.66,0.09
2020-11-03,0.66,0.1
2020-11-04,0.66,0.1
2020-11-05,0.66,0.1
2020-11-06,0.66,0.1
2020-11-09,0.66,0.11
2020-11-10,0.66,0.1
2020-11-11,0.66,0.1
2020-11-12,0.66,0.1
2020-11-13,0.66,0.09
2020-11-16,0.66,0.09
2020-11-17,0.66,0.09
2020-11-18,0.66,0.09
2020-11-19,0.66,0.07
2020-11-20,0.66,0.07
2020-11-23,0.66,0.08
2020-11-24,0.66,0.09
2020-11-25,0.66,0.09
2020-11-26,0.66,0.09
2020-11-27,0.66,0.09
2020-11-30,0.66,0.08
2020-12-01,0.66,0.09
2020-12-02,0.66,0.09
2020-12-03,0.66,0.08
2020-12-04,0.66,0.09
2020-12-07,0.66,0.08
2020-12-08,0.66,0.09
2020-12-09,0.66,0.08
2020-12-10,0.66,0.08
2020-12-11,0.66,0.08
2020-12-14,0.66,0.09
2020-12-15,0.66,0.08
2020-12-16,0.66,0.09
2020-12-17,0.66,0.08
2020-12-18,0.66,0.08
2020-12-21,0.66,0.09
2020-12-22,0.66,0.09
2020-12-23,0.66,0.09
2020-12-24,0.66,0.09
2020-12-25,0.66,0.09
2020-12-28,0.66,0.11
2020-12-29,0.66,0.1
2020-12-30,0.66,0.08
2020-12-31,0.66,0.09
2021-01-01,0.68,0.09
2021-01-04,0.68,0.09
2021-01-05,0.68,0.09
2021-01-06,0.68,0.09
2021-01-07,0.68,0.09
2021-01-08,0.68,0.08
2021-01-11,0.68,0.08
2021-01-12,0.68,0.09
2021-01-13,0.68,0.09
2021-01-14,0.68,0.09
2021-01-15,0.68,0.09
2021-01-18,0.68,0.09
2021-01-19,0.68,0.09
2021-01-20,0.68,0.08
2021-01-21,0.68,0.09
2021-01-22,0.68,0.08
2021-01-25,0.68,0.09
2021-01-26,0.68,0.07
2021-01-27,0.68,0.08
2021-01-28,0.68,0.07
2021-01-29,0.68,0.06
2021-02-01,0.73,0.07
2021-02-02,0.73,0.07
2021-02-03,0.73,0.04
2021-02-04,0.73,0.04
2021-02-05,0.73,0.03
2021-02-08,0.73,0.05
2021-02-09,0.73,0.04
2021-02-10,0.73,0.05
2021-02-11,0.73,0.05
2021-02-12,0.73,0.04
2021-02-15,0.73,0.04
2021-02-16,0.73,0.04
2021-02-17,0.73,0.04
2021-02-18,0.73,0.03
2021-02-19,0.73,0.04
2021-02-22,0.73,0.03
2021-02-23,0.73,0.04
2021-02-24,0.73,0.03
2021-02-25,0.73,0.04
2021-02-26,0.73,0.04
2021-03-01,0.75,0.05
2021-03-02,0.75,0.04
2021-03-03,0.75,0.05
2021-03-04,0.75,0.04
2021-03-05,0.75,0.04
2021-03-08,0.75,0.05
2021-03-09,0.75,0.05
2021-03-10,0.75,0.04
2021-03-11,0.75,0.04
2021-03-12,0.75,0.04
2021-03-15,0.75,0.04
2021-03-16,0.75,0.02
2021-03-17,0.75,0.02
2021-03-18,0.75,0.01
2021-03-19,0.75,0.01
2021-03-22,0.75,0.03
2021-03-23,0.75,0.01
2021-03-24,0.75,0.02
2021-03-25,0.75,0.02
2021-03-26,0.75,0.02
2021-03-29,0.75,0.03
2021-03-30,0.75,0.02
2021-03-31,0.75,0.03
2021-04-01,0.74,0.02
2021-04-02,0.74,0.02
2021-04-05,0.74,0.03
2021-04-06,0.74,0.02
2021-04-07,0.74,0.02
2021-04-08,0.74,0.01
2021-04-09,0.74,0.02
2021-04-12,0.74,0.02
2021-04-13,0.74,0.03
2021-04-14,0.74,0.02
2021-04-15,0.74,0.02
2021-04-16,0.74,0.02
2021-04-19,0.74,0.02
2021-04-20,0.74,0.03
2021-04-21,0.74,0.03
2021-04-22,0.74,0.03
2021-04-23,0.74,0.03
2021-04-26,0.74,0.03
2021-04-27,0.74,0.01
2021-04-28,0.74,0.01
2021-04-29,0.74,0.01
2021-04-30,0.74,0.01
2021-05-01,0.68,0.01
2021-05-03,0.68,0.04
2021-05-04,0.68,0.02
2021-05-05,0.68,0.02
2021-05-06,0.68,0.02
2021-05-07,0.68,0.02
2021-05-10,0.68,0.02
2021-05-11,0.68,0.01
2021-05-12,0.68,0.02
2021-05-13,0.68,0.02
2021-05-14,0.68,0.01
2021-05-17,0.68,0.02
2021-05-18,0.68,0.02
2021-05-19,0.68,0.01
2021-05-20,0.68,0.01
2021-05-21,0.68,0.01
2021-05-24,0.68,0.02
2021-05-25,0.68,0.02
2021-05-26,0.68,0.02
2021-05-27,0.68,0.02
2021-05-28,0.68,0.01
2021-05-31,0.68,0.01
2021-06-01,0.66,0.02
2021-06-02,0.66,0.02
2021-06-03,0.66,0.02
2021-06-04,0.66,0.02
2021-06-07,0.66,0.02
2021-06-08,0.66,0.02
2021-06-09,0.66,0.03
2021-06-10,0.66,0.03
2021-06-11,0.66,0.03
2021-06-14,0.66,0.03
2021-06-15,0.66,0.03
2021-06-16,0.66,0.04
2021-06-17,0.66,0.04
2021-06-18,0.66,0.05
2021-06-21,0.66,0.05
2021-06-22,0.66,0.04
2021-06-23,0.66,0.05
2021-06-24,0.66,0.05
2021-06-25,0.66,0.06
2021-06-28,0.66,0.05
2021-06-29,0.66,0.04
2021-06-30,0.66,0.05
2021-07-01,0.69,0.05
2021-07-02,0.69,0.05
2021-07-05,0.69,0.05
2021-07-06,0.69,0.05
2021-07-07,0.69,0.05
2021-07-08,0.69,0.06
2021-07-09,0.69,0.06
2021-07-12,0.69,0.05
2021-07-13,0.69,0.05
2021-07-14,0.69,0.06
2021-07-15,0.69,0.05
2021-07-16,0.69,0.05
2021-07-19,0.69,0.05
2021-07-20,0.69,0.05
2021-07-21,0.69,0.05
2021-07-22,0.69,0.05
2021-07-23,0.69,0.05
2021-07-26,0.69,0.05
2021-07-27,0.69,0.05
2021-07-28,0.69,0.05
2021-07-29,0.69,0.06
2021-07-30,0.69,0.06
2021-08-01,0.77,0.06
2021-08-02,0.77,0.05
2021-08-03,0.77,0.05
2021-08-04,0.77,0.05
2021-08-05,0.77,0.05
2021-08-06,0.77,0.06
2021-08-09,0.77,0.06
2021-08-10,0.77,0.05
2021-08-11,0.77,0.05
2021-08-12,0.77,0.06
2021-08-13,0.77,0.06
2021-08-16,0.77,0.06
2021-08-17,0.77,0.07
2021-08-18,0.77,0.07
2021-08-19,0.77,0.06
2021-08-20,0.77,0.05
2021-08-23,0.77,0.05
2021-08-24,0.77,0.05
2021-08-25,0.77,0.06
2021-08-26,0.77,0.05
2021-08-27,0.77,0.05
2021-08-30,0.77,0.05
2021-08-31,0.77,0.04
2021-09-01,0.98,0.05
2021-09-02,0.98,0.05
2021-09-03,0.98,0.05
2021-09-06,0.98,0.05
2021-09-07,0.98,0.05
2021-09-08,0.98,0.05
2021-09-09,0.98,0.04
2021-09-10,0.98,0.05
2021-09-13,0.98,0.06
2021-09-14,0.98,0.04
2021-09-15,0.98,0.04
2021-09-16,0.98,0.04
2021-09-17,0.98,0.04
2021-09-20,0.98,0.04
2021-09-21,0.98,0.03
2021-09-22,0.98,0.03
2021-09-23,0.98,0.03
2021-09-24,0.98,0.03
2021-09-27,0.98,0.04
2021-09-28,0.98,0.04
2021-09-29,0.98,0.04
2021-09-30,0.98,0.04
2021-10-01,1.08,0.04
2021-10-04,1.08,0.04
2021-10-05,1.08,0.04
2021-10-06,1.08,0.04
2021-10-07,1.08,0.05
2021-10-08,1.08,0.05
2021-10-11,1.08,0.05
2021-10-12,1.08,0.06
2021-10-13,1.08,0.05
2021-10-14,1.08,0.05
2021-10-15,1.08,0.05
2021-10-18,1.08,0.06
2021-10-19,1.08,0.05
2021-10-20,1.08,0.05
2021-10-21,1.08,0.06
2021-10-22,1.08,0.06
2021-10-25,1.08,0.06
2021-10-26,1.08,0.06
2021-10-27,1.08,0.06
2021-10-28,1.08,0.06
2021-10-29,1.08,0.05
2021-11-01,1.17,0.05
2021-11-02,1.17,0.05
2021-11-03,1.17,0.05
2021-11-04,1.17,0.04
2021-11-05,1.17,0.05
2021-11-08,1.17,0.06
2021-11-09,1.17,0.04
2021-11-10,1.17,0.05
2021-11-11,1.17,0.05
2021-11-12,1.17,0.05
2021-11-15,1.17,0.05
2021-11-16,1.17,0.05
2021-11-17,1.17,0.05
2021-11-18,1.17,0.05
2021-11-19,1.17,0.05
2021-11-22,1.17,0.05
2021-11-23,1.17,0.06
2021-11-24,1.17,0.06
2021-11-25,1.17,0.06
2021-11-26,1.17,0.06
2021-11-29,1.17,0.06
2021-11-30,1.17,0.05
2021-12-01,1.27,0.06
2021-12-02,1.27,0.05
2021-12-03,1.27,0.06
2021-12-06,1.27,0.06
2021-12-07,1.27,0.06
2021-12-08,1.27,0.07
2021-12-09,1.27,0.06
2021-12-10,1.27,0.06
2021-12-13,1.27,0.05
2021-12-14,1.27,0.05
2021-12-15,1.27,0.06
2021-12-16,1.27,0.05
2021-12-17,1.27,0.05
2021-12-20,1.27,0.07
2021-12-21,1.27,0.07
2021-12-22,1.27,0.08
2021-12-23,1.27,0.08
2021-12-24,1.27,0.08
2021-12-27,1.27,0.06
2021-12-28,1.27,0.06
2021-12-29,1.27,0.05
2021-12-30,1.27,0.05
2021-12-31,1.27,0.06
2022-01-01,1.39,0.06
2022-01-03,1.39,0.09
2022-01-04,1.39,0.08
2022-01-05,1.39,0.09
2022-01-06,1.39,0.1
2022-01-07,1.39,0.1
2022-01-10,1.39,0.13
2022-01-11,1.39,0.12
2022-01-12,1.39,0.12
2022-01-13,1.39,0.12
2022-01-14,1.39,0.13
2022-01-17,1.39,0.13
2022-01-18,1.39,0.17
2022-01-19,1.39,0.17
2022-01-20,1.39,0.18
2022-01-21,1.39,0.17
2022-01-24,1.39,0.2
2022-01-25,1.39,0.2
2022-01-26,1.39,0.19
2022-01-27,1.39,0.2
2022-01-28,1.39,0.19
2022-01-31,1.39,0.24
2022-02-01,1.5,0.2
2022-02-02,1.5,0.2
2022-02-03,1.5,0.21
2022-02-04,1.5,0.23
2022-02-07,1.5,0.28
2022-02-08,1.5,0.27
2022-02-09,1.5,0.27
2022-02-10,1.5,0.41
2022-02-11,1.5,0.37
2022-02-14,1.5,0.45
2022-02-15,1.5,0.41
2022-02-16,1.5,0.39
2022-02-17,1.5,0.37
2022-02-18,1.5,0.35
2022-02-21,1.5,0.35
2022-02-22,1.5,0.39
2022-02-23,1.5,0.36
2022-02-24,1.5,0.33
2022-02-25,1.5,0.33
2022-02-28,1.5,0.37
2022-03-01,1.5,0.32
2022-03-02,1.5,0.33
2022-03-03,1.5,0.37
2022-03-04,1.5,0.33
2022-03-07,1.5,0.38
2022-03-08,1.5,0.36
2022-03-09,1.5,0.38
2022-03-10,1.5,0.38
2022-03-11,1.5,0.39
2022-03-14,1.5,0.45
2022-03-15,1.5,0.46
2022-03-16,1.5,0.43
2022-03-17,1.5,0.4
2022-03-18,1.5,0.41
2022-03-21,1.5,0.55
2022-03-22,1.5,0.51
2022-03-23,1.5,0.5
2022-03-24,1.5,0.5
2022-03-25,1.5,0.53
2022-03-28,1.5,0.6
2022-03-29,1.5,0.56
2022-03-30,1.5,0.55
2022-03-31,1.5,0.51
2022-04-01,1.64,0.52
2022-04-04,1.64,0.67
2022-04-05,1.64,0.65
2022-04-06,1.64,0.67
2022-04-07,1.64,0.68
2022-04-08,1.64,0.69
2022-04-11,1.64,0.78
2022-04-12,1.64,0.74
2022-04-13,1.64,0.75
2022-04-14,1.64,0.78
2022-04-15,1.64,0.78
2022-04-18,1.64,0.82
2022-04-19,1.64,0.82
2022-04-20,1.64,0.82
2022-04-21,1.64,0.82
2022-04-22,1.64,0.82
2022-04-25,1.64,0.93
2022-04-26,1.64,0.84
2022-04-27,1.64,0.82
2022-04-28,1.64,0.81
2022-04-29,1.64,0.83
2022-05-01,1.77,0.83
2022-05-02,1.77,0.9
2022-05-03,1.77,0.9
2022-05-04,1.77,0.88
2022-05-05,1.77,0.84
2022-05-06,1.77,0.84
2022-05-09,1.77,0.92
2022-05-10,1.77,0.89
2022-05-11,1.77,0.9
2022-05-12,1.77,0.95
2022-05-13,1.77,1.01
2022-05-16,1.77,1.07
2022-05-17,1.77,1.06
2022-05-18,1.77,1.02
2022-05-19,1.77,1.04
2022-05-20,1.77,1.01
2022-05-23,1.77,1.07
2022-05-24,1.77,1.05
2022-05-25,1.77,1.05
2022-05-26,1.77,1.06
2022-05-27,1.77,1.06
2022-05-30,1.77,1.06
2022-05-31,1.77,1.13
2022-06-01,1.99,1.12
2022-06-02,1.99,1.13
2022-06-03,1.99,1.17
2022-06-06,1.99,1.23
2022-06-07,1.99,1.24
2022-06-08,1.99,1.25
2022-06-09,1.99,1.26
2022-06-10,1.99,1.34
2022-06-13,1.99,1.69
2022-06-14,1.99,1.78
2022-06-15,1.99,1.69
2022-06-16,1.99,1.54
2022-06-17,1.99,1.58
2022-06-20,1.99,1.58
2022-06-21,1.99,1.66
2022-06-22,1.99,1.57
2022-06-23,1.99,1.59
2022-06-24,1.99,1.66
2022-06-27,1.99,1.75
2022-06-28,1.99,1.75
2022-06-29,1.99,1.73
2022-06-30,1.99,1.66
2022-07-01,2.41,1.66
2022-07-04,2.41,1.66
2022-07-05,2.41,1.86
2022-07-06,2.41,1.85
2022-07-07,2.41,1.89
2022-07-08,2.41,1.91
2022-07-11,2.41,2.13
2022-07-12,2.41,2.16
2022-07-13,2.41,2.33
2022-07-14,2.41,2.33
2022-07-15,2.41,2.29
2022-07-18,2.41,2.44
2022-07-19,2.41,2.46
2022-07-20,2.41,2.44
2022-07-21,2.41,2.4
2022-07-22,2.41,2.41
2022-07-25,2.41,2.55
2022-07-26,2.41,2.48
2022-07-27,2.41,2.37
2022-07-28,2.41,2.35
2022-07-29,2.41,2.34
2022-08-01,2.79,2.48
2022-08-02,2.79,2.48
2022-08-03,2.79,2.44
2022-08-04,2.79,2.41
2022-08-05,2.79,2.48
2022-08-08,2.79,2.57
2022-08-09,2.79,2.58
2022-08-10,2.79,2.56
2022-08-11,2.79,2.52
2022-08-12,2.79,2.53
2022-08-15,2.79,2.63
2022-08-16,2.79,2.61
2022-08-17,2.79,2.59
2022-08-18,2.79,2.61
2022-08-19,2.79,2.64
2022-08-22,2.79,2.74
2022-08-23,2.79,2.71
2022-08-24,2.79,2.73
2022-08-25,2.79,2.78
2022-08-26,2.79,2.78
2022-08-29,2.79,2.89
2022-08-30,2.79,2.88
2022-08-31,2.79,2.87
2022-09-01,3.01,2.88
2022-09-02,3.01,2.85
2022-09-05,3.01,2.85
2022-09-06,3.01,2.96
2022-09-07,3.01,2.98
2022-09-08,3.01,2.97
2022-09-09,3.01,2.98
2022-09-12,3.01,3.09
2022-09-13,3.01,3.19
2022-09-14,3.01,3.14
2022-09-15,3.01,3.12
2022-09-16,3.01,3.1
2022-09-19,3.01,3.29
2022-09-20,3.01,3.26
2022-09-21,3.01,3.21
2022-09-22,3.01,3.19
2022-09-23,3.01,3.12
2022-09-26,3.01,3.3
2022-09-27,3.01,3.26
2022-09-28,3.01,3.29
2022-09-29,3.01,3.26
2022-09-30,3.01,3.22
2022-10-01,3.69,3.22
2022-10-03,3.69,3.34
2022-10-04,3.69,3.32
2022-10-05,3.69,3.33
2022-10-06,3.69,3.32
2022-10-07,3.69,3.31
2022-10-10,3.69,3.31
2022-10-11,3.69,3.53
2022-10-12,3.69,3.56
2022-10-13,3.69,3.64
2022-10-14,3.69,3.65
2022-10-17,3.69,3.82
2022-10-18,3.69,3.89
2022-10-19,3.69,3.91
2022-10-20,3.69,3.91
2022-10-21,3.69,3.9
2022-10-24,3.69,4.0
2022-10-25,3.69,3.97
2022-10-26,3.69,3.94
2022-10-27,3.69,3.95
2022-10-28,3.69,3.99
2022-10-31,3.69,4.06
2022-11-01,3.99,4.06
2022-11-02,3.99,4.04
2022-11-03,3.99,4.06
2022-11-04,3.99,4.02
2022-11-07,3.99,4.12
2022-11-08,3.99,4.1
2022-11-09,3.99,4.11
2022-11-10,3.99,4.09
2022-11-11,3.99,4.09
2022-11-14,3.99,4.16
2022-11-15,3.99,4.14
2022-11-16,3.99,4.14
2022-11-17,3.99,4.13
2022-11-18,3.99,4.15
2022-11-21,3.99,4.23
2022-11-22,3.99,4.21
2022-11-23,3.99,4.21
2022-11-24,3.99,4.21
2022-11-25,3.99,4.22
2022-11-28,3.99,4.3
2022-11-29,3.99,4.27
2022-11-30,3.99,4.27
2022-12-01,4.02,4.22
2022-12-02,4.02,4.22
2022-12-05,4.02,4.27
2022-12-06,4.02,4.27
2022-12-07,4.02,4.2
2022-12-08,4.02,4.17
2022-12-09,4.02,4.19
2022-12-12,4.02,4.29
2022-12-13,4.02,4.26
2022-12-14,4.02,4.23
2022-12-15,4.02,4.22
2022-12-16,4.02,4.2
2022-12-19,4.02,4.28
2022-12-20,4.02,4.25
2022-12-21,4.02,4.22
2022-12-22,4.02,4.24
2022-12-23,4.02,4.23
2022-12-26,4.02,4.23
2022-12-27,4.02,4.35
2022-12-28,4.02,4.35
2022-12-29,4.02,4.34
2022-12-30,4.02,4.3
2023-01-01,3.8,4.3
2023-01-02,3.8,4.3
2023-01-03,3.8,4.4
2023-01-04,3.8,4.41
2023-01-05,3.8,4.51
2023-01-06,3.8,4.51
2023-01-09,3.8,4.55
2023-01-10,3.8,4.57
2023-01-11,3.8,4.57
2023-01-12,3.8,4.5
2023-01-13,3.8,4.51
2023-01-16,3.8,4.51
2023-01-17,3.8,4.56
2023-01-18,3.8,4.54
2023-01-19,3.8,4.55
2023-01-20,3.8,4.57
2023-01-23,3.8,4.58
2023-01-24,3.8,4.57
2023-01-25,3.8,4.56
2023-01-26,3.8,4.55
2023-01-27,3.8,4.57
2023-01-30,3.8,4.59
2023-01-31,3.8,4.58
2023-02-01,3.52,4.54
2023-02-02,3.52,4.53
2023-02-03,3.52,4.57
2023-02-06,3.52,4.59
2023-02-07,3.52,4.59
2023-02-08,3.52,4.59
2023-02-09,3.52,4.64
2023-02-10,3.52,4.66
2023-02-13,3.52,4.68
2023-02-14,3.52,4.67
2023-02-15,3.52,4.66
2023-02-16,3.52,4.7
2023-02-17,3.52,4.7
2023-02-20,3.52,4.7
2023-02-21,3.52,4.72
2023-02-22,3.52,4.71
2023-02-23,3.52,4.71
2023-02-24,3.52,4.72
2023-02-27,3.52,4.74
2023-02-28,3.52,4.72
2023-03-01,3.61,4.73
2023-03-02,3.61,4.74
2023-03-03,3.61,4.74
2023-03-06,3.61,4.76
2023-03-07,3.61,4.87
2023-03-08,3.61,4.89
2023-03-09,3.61,4.87
2023-03-10,3.61,4.83
2023-03-13,3.61,4.7
2023-03-14,3.61,4.71
2023-03-15,3.61,4.59
2023-03-16,3.61,4.57
2023-03-17,3.61,4.36
2023-03-20,3.61,4.65
2023-03-21,3.61,4.62
2023-03-22,3.61,4.63
2023-03-23,3.61,4.57
2023-03-24,3.61,4.57
2023-03-27,3.61,4.75
2023-03-28,3.61,4.64
2023-03-29,3.61,4.64
2023-03-30,3.61,4.8
2023-03-31,3.61,4.68
2023-04-01,3.5,4.68
2023-04-03,3.5,4.77
2023-04-04,3.5,4.74
2023-04-05,3.5,4.72
2023-04-06,3.5,4.77
2023-04-07,3.5,4.81
2023-04-10,3.5,4.94
2023-04-11,3.5,4.89
2023-04-12,3.5,4.87
2023-04-13,3.5,4.95
2023-04-14,3.5,4.98
2023-04-17,3.5,5.06
2023-04-18,3.5,5.04
2023-04-19,3.5,5.01
2023-04-20,3.5,4.97
2023-04-21,3.5,4.98
2023-04-24,3.5,5.04
2023-04-25,3.5,4.97
2023-04-26,3.5,5.0
2023-04-27,3.5,5.03
2023-04-28,3.5,4.95
2023-05-01,3.64,5.1
2023-05-02,3.64,5.08
2023-05-03,3.64,5.09
2023-05-04,3.64,5.1
2023-05-05,3.64,5.1
2023-05-08,3.64,5.15
2023-05-09,3.64,5.13
2023-05-10,3.64,5.08
2023-05-11,3.64,5.04
2023-05-12,3.64,5.08
2023-05-15,3.64,5.06
2023-05-16,3.64,5.07
2023-05-17,3.64,5.1
2023-05-18,3.64,5.14
2023-05-19,3.64,5.12
2023-05-22,3.64,5.24
2023-05-23,3.64,5.18
2023-05-24,3.64,5.21
2023-05-25,3.64,5.21
2023-05-26,3.64,5.16
2023-05-29,3.64,5.16
2023-05-30,3.64,5.28
2023-05-31,3.64,5.26
2023-06-01,3.75,5.24
2023-06-02,3.75,5.23
2023-06-05,3.75,5.2
2023-06-06,3.75,5.18
2023-06-07,3.75,5.16
2023-06-08,3.75,5.12
2023-06-09,3.75,5.11
2023-06-12,3.75,5.14
2023-06-13,3.75,5.11
2023-06-14,3.75,5.1
2023-06-15,3.75,5.07
2023-06-16,3.75,5.09
2023-06-19,3.75,5.09
2023-06-20,3.75,5.14
2023-06-21,3.75,5.15
2023-06-22,3.75,5.15
2023-06-23,3.75,5.15
2023-06-26,3.75,5.24
2023-06-27,3.75,5.19
2023-06-28,3.75,5.18
2023-06-29,3.75,5.2
2023-06-30,3.75,5.17
2023-07-01,3.75,5.17
2023-07-03,3.75,5.21
2023-07-04,3.75,5.21
2023-07-05,3.75,5.21
2023-07-06,3.75,5.23
2023-07-07,3.75,5.22
2023-07-10,3.75,5.25
2023-07-11,3.75,5.25
2023-07-12,3.75,5.24
2023-07-13,3.75,5.24
2023-07-14,3.75,5.25
2023-07-17,3.75,5.26
2023-07-18,3.75,5.25
2023-07-19,3.75,5.26
2023-07-20,3.75,5.26
2023-07-21,3.75,5.27
2023-07-24,3.75,5.28
2023-07-25,3.75,5.28
2023-07-26,3.75,5.28
2023-07-27,3.75,5.28
2023-07-28,3.75,5.28
2023-07-31,3.75,5.28
2023-08-01,3.7,5.27
2023-08-02,3.7,5.27
2023-08-03,3.7,5.27
2023-08-04,3.7,5.28
2023-08-07,3.7,5.29
2023-08-08,3.7,5.3
2023-08-09,3.7,5.28
2023-08-10,3.7,5.28
2023-08-11,3.7,5.28
2023-08-14,3.7,5.29
2023-08-15,3.7,5.29
2023-08-16,3.7,5.29
2023-08-17,3.7,5.29
2023-08-18,3.7,5.28
2023-08-21,3.7,5.3
2023-08-22,3.7,5.3
2023-08-23,3.7,5.3
2023-08-24,3.7,5.31
2023-08-25,3.7,5.34
2023-08-28,3.7,5.34
2023-08-29,3.7,5.33
2023-08-30,3.7,5.32
2023-08-31,3.7,5.32
2023-09-01,3.76,5.3
2023-09-04,3.76,5.3
2023-09-05,3.76,5.32
2023-09-06,3.76,5.31
2023-09-07,3.76,5.3
2023-09-08,3.76,5.31
2023-09-11,3.76,5.32
2023-09-12,3.76,5.32
2023-09-13,3.76,5.31
2023-09-14,3.76,5.31
2023-09-15,3.76,5.32
2023-09-18,3.76,5.31
2023-09-19,3.76,5.31
2023-09-20,3.76,5.33
2023-09-21,3.76,5.33
2023-09-22,3.76,5.32
2023-09-25,3.76,5.35
2023-09-26,3.76,5.34
2023-09-27,3.76,5.34
2023-09-28,3.76,5.32
2023-09-29,3.76,5.32
2023-10-01,3.82,5.32
2023-10-02,3.82,5.35
2023-10-03,3.82,5.35
2023-10-04,3.82,5.34
2023-10-05,3.82,5.34
2023-10-06,3.82,5.36
2023-10-09,3.82,5.36
2023-10-10,3.82,5.34
2023-10-11,3.82,5.34
2023-10-12,3.82,5.35
2023-10-13,3.82,5.35
2023-10-16,3.82,5.34
2023-10-17,3.82,5.35
2023-10-18,3.82,5.34
2023-10-19,3.82,5.33
2023-10-20,3.82,5.31
2023-10-23,3.82,5.32
2023-10-24,3.82,5.31
2023-10-25,3.82,5.32
2023-10-26,3.82,5.32
2023-10-27,3.82,5.32
2023-10-30,3.82,5.33
2023-10-31,3.82,5.33
2023-11-01,3.83,5.31
2023-11-02,3.83,5.28
2023-11-03,3.83,5.27
2023-11-06,3.83,5.29
2023-11-07,3.83,5.28
2023-11-08,3.83,5.28
2023-11-09,3.83,5.27
2023-11-10,3.83,5.26
2023-11-13,3.83,5.28
2023-11-14,3.83,5.26
2023-11-15,3.83,5.26
2023-11-16,3.83,5.25
2023-11-17,3.83,5.25
2023-11-20,3.83,5.27
2023-11-21,3.83,5.26
2023-11-22,3.83,5.27
2023-11-23,3.83,5.27
2023-11-24,3.83,5.28
2023-11-27,3.83,5.28
2023-11-28,3.83,5.27
2023-11-29,3.83,5.25
2023-11-30,3.83,5.25
2023-12-01,3.83,5.23
2023-12-04,3.83,5.26
2023-12-05,3.83,5.25
2023-12-06,3.83,5.25
2023-12-07,3.83,5.24
2023-12-08,3.83,5.24
2023-12-11,3.83,5.26
2023-12-12,3.83,5.26
2023-12-13,3.83,5.24
2023-12-14,3.83,5.23
2023-12-15,3.83,5.24
2023-12-18,3.83,5.26
2023-12-19,3.83,5.23
2023-12-20,3.83,5.24
2023-12-21,3.83,5.22
2023-12-22,3.83,5.24
2023-12-25,3.83,5.24
2023-12-26,3.83,5.25
2023-12-27,3.83,5.24
2023-12-28,3.83,5.25
2023-12-29,3.83,5.2
2024-01-01,3.74,5.2
2024-01-02,3.74,5.22
2024-01-03,3.74,5.24
2024-01-04,3.74,5.24
2024-01-05,3.74,5.24
2024-01-08,3.74,5.25
2024-01-09,3.74,5.24
2024-01-10,3.74,5.23
2024-01-11,3.74,5.23
2024-01-12,3.74,5.22
2024-01-15,3.74,5.22
2024-01-16,3.74,5.22
2024-01-17,3.74,5.24
2024-01-18,3.74,5.22
2024-01-19,3.74,5.22
2024-01-22,3.74,5.22
2024-01-23,3.74,5.21
2024-01-24,3.74,5.21
2024-01-25,3.74,5.21
2024-01-26,3.74,5.21
2024-01-29,3.74,5.22
2024-01-30,3.74,5.21
2024-01-31,3.74,5.22
2024-02-01,3.69,5.22
2024-02-02,3.69,5.23
2024-02-05,3.69,5.22
2024-02-06,3.69,5.23
2024-02-07,3.69,5.23
2024-02-08,3.69,5.23
2024-02-09,3.69,5.24
2024-02-12,3.69,5.23
2024-02-13,3.69,5.25
2024-02-14,3.69,5.23
2024-02-15,3.69,5.23
2024-02-16,3.69,5.24
2024-02-19,3.69,5.24
2024-02-20,3.69,5.24
2024-02-21,3.69,5.24
2024-02-22,3.69,5.25
2024-02-23,3.69,5.26
2024-02-26,3.69,5.26
2024-02-27,3.69,5.25
2024-02-28,3.69,5.24
2024-02-29,3.69,5.25
2024-03-01,3.65,5.23
2024-03-04,3.65,5.24
2024-03-05,3.65,5.23
2024-03-06,3.65,5.24
2024-03-07,3.65,5.24
2024-03-08,3.65,5.24
2024-03-11,3.65,5.24
2024-03-12,3.65,5.25
2024-03-13,3.65,5.25
2024-03-14,3.65,5.25
2024-03-15,3.65,5.25
2024-03-18,3.65,5.25
2024-03-19,3.65,5.24
2024-03-20,3.65,5.24
2024-03-21,3.65,5.25
2024-03-22,3.65,5.24
2024-03-25,3.65,5.23
2024-03-26,3.65,5.22
2024-03-27,3.65,5.22
2024-03-28,3.65,5.23
2024-03-29,3.65,5.23
2024-04-01,3.57,5.23
2024-04-02,3.57,5.22
2024-04-03,3.57,5.22
2024-04-04,3.57,5.21
2024-04-05,3.57,5.23
2024-04-08,3.57,5.23
2024-04-09,3.57,5.23
2024-04-10,3.57,5.25
2024-04-11,3.57,5.25
2024-04-12,3.57,5.25
2024-04-15,3.57,5.25
2024-04-16,3.57,5.25
2024-04-17,3.57,5.25
2024-04-18,3.57,5.25
2024-04-19,3.57,5.25
2024-04-22,3.57,5.22
2024-04-23,3.57,5.25
2024-04-24,3.57,5.26
2024-04-25,3.57,5.26
2024-04-26,3.57,5.25
2024-04-29,3.57,5.25
2024-04-30,3.57,5.25
2024-05-01,3.6,5.26
2024-05-02,3.6,5.25
2024-05-03,3.6,5.25
2024-05-06,3.6,5.25
2024-05-07,3.6,5.25
2024-05-08,3.6,5.25
2024-05-09,3.6,5.25
2024-05-10,3.6,5.26
2024-05-13,3.6,5.25
2024-05-14,3.6,5.24
2024-05-15,3.6,5.25
2024-05-16,3.6,5.25
2024-05-17,3.6,5.25
2024-05-20,3.6,5.25
2024-05-21,3.6,5.25
2024-05-22,3.6,5.25
2024-05-23,3.6,5.26
2024-05-24,3.6,5.26
2024-05-27,3.6,5.26
2024-05-28,3.6,5.26
2024-05-29,3.6,5.26
2024-05-30,3.6,5.26
2024-05-31,3.6,5.25
2024-06-01,3.6,5.25
2024-06-03,3.6,5.26
2024-06-04,3.6,5.25
2024-06-05,3.6,5.25
2024-06-06,3.6,5.25
2024-06-07,3.6,5.26
2024-06-10,3.6,5.25
2024-06-11,3.6,5.25
2024-06-12,3.6,5.25
2024-06-13,3.6,5.25
2024-06-14,3.6,5.25
2024-06-17,3.6,5.25
2024-06-18,3.6,5.24
2024-06-19,3.6,5.24
2024-06-20,3.6,5.24
2024-06-21,3.6,5.23
2024-06-24,3.6,5.24
2024-06-25,3.6,5.23
2024-06-26,3.6,5.24
2024-06-27,3.6,5.23
2024-06-28,3.6,5.22
2024-07-01,3.54,5.24
2024-07-02,3.54,5.24
2024-07-03,3.54,5.24
2024-07-04,3.54,5.24
2024-07-05,3.54,5.23
2024-07-08,3.54,5.23
2024-07-09,3.54,5.23
2024-07-10,3.54,5.23
2024-07-11,3.54,5.21
2024-07-12,3.54,5.21
2024-07-15,3.54,5.2
2024-07-16,3.54,5.2
2024-07-17,3.54,5.2
2024-07-18,3.54,5.21
2024-07-19,3.54,5.2
2024-07-22,3.54,5.19
2024-07-23,3.54,5.18
2024-07-24,3.54,5.18
2024-07-25,3.54,5.17
2024-07-26,3.54,5.16
2024-07-29,3.54,5.15
2024-07-30,3.54,5.14
2024-07-31,3.54,5.15
2024-08-01,3.5,5.12
2024-08-02,3.5,5.05
2024-08-05,3.5,5.09
2024-08-06,3.5,5.09
2024-08-07,3.5,5.09
2024-08-08,3.5,5.09
2024-08-09,3.5,5.09
2024-08-12,3.5,5.07
2024-08-13,3.5,5.06
2024-08-14,3.5,5.07
2024-08-15,3.5,5.09
2024-08-16,3.5,5.08
2024-08-19,3.5,5.06
2024-08-20,3.5,5.04
2024-08-21,3.5,5.02
2024-08-22,3.5,5.04
2024-08-23,3.5,5.01
2024-08-26,3.5,4.98
2024-08-27,3.5,4.98
2024-08-28,3.5,4.96
2024-08-29,3.5,4.98
2024-08-30,3.5,4.98
2024-09-01,3.52,4.98
2024-09-02,3.52,4.98
2024-09-03,3.52,4.97
2024-09-04,3.52,4.96
2024-09-05,3.52,4.94
2024-09-06,3.52,4.93
2024-09-09,3.52,4.89
2024-09-10,3.52,4.85
2024-09-11,3.52,4.89
2024-09-12,3.52,4.85
2024-09-13,3.52,4.78
2024-09-16,3.52,4.75
2024-09-17,3.52,4.75
2024-09-18,3.52,4.65
2024-09-19,3.52,4.61
2024-09-20,3.52,4.56
2024-09-23,3.52,4.53
2024-09-24,3.52,4.5
2024-09-25,3.52,4.51
2024-09-26,3.52,4.5
2024-09-27,3.52,4.5
2024-09-30,3.52,4.52
2024-10-01,3.43,4.5
2024-10-02,3.43,4.48
2024-10-03,3.43,4.48
2024-10-04,3.43,4.53
2024-10-07,3.43,4.55
2024-10-08,3.43,4.53
2024-10-09,3.43,4.54
2024-10-10,3.43,4.54
2024-10-11,3.43,4.53
2024-10-14,3.43,4.53
2024-10-15,3.43,4.52
2024-10-16,3.43,4.51
2024-10-17,3.43,4.54
2024-10-18,3.43,4.53
2024-10-21,3.43,4.51
2024-10-22,3.43,4.51
2024-10-23,3.43,4.52
2024-10-24,3.43,4.5
2024-10-25,3.43,4.52
2024-10-28,3.43,4.49
2024-10-29,3.43,4.49
2024-10-30,3.43,4.47
2024-10-31,3.43,4.44
2024-11-01,3.42,4.41
2024-11-04,3.42,4.44
2024-11-05,3.42,4.43
2024-11-06,3.42,4.44
2024-11-07,3.42,4.43
2024-11-08,3.42,4.43
2024-11-11,3.42,4.43
2024-11-12,3.42,4.43
2024-11-13,3.42,4.4
2024-11-14,3.42,4.41
2024-11-15,3.42,4.41
2024-11-18,3.42,4.42
2024-11-19,3.42,4.41
2024-11-20,3.42,4.42
2024-11-21,3.42,4.43
2024-11-22,3.42,4.43
2024-11-25,3.42,4.42
2024-11-26,3.42,4.4
2024-11-27,3.42,4.4
2024-11-28,3.42,4.4
2024-11-29,3.42,4.39
2024-12-01,3.35,4.39
2024-12-02,3.35,4.38
2024-12-03,3.35,4.36
2024-12-04,3.35,4.35
2024-12-05,3.35,4.34
2024-12-06,3.35,4.31
2024-12-09,3.35,4.3
2024-12-10,3.35,4.29
2024-12-11,3.35,4.26
2024-12-12,3.35,4.23
2024-12-13,3.35,4.23
2024-12-16,3.35,4.25
2024-12-17,3.35,4.26
2024-12-18,3.35,4.25
2024-12-19,3.35,4.23
2024-12-20,3.35,4.23
2024-12-23,3.35,4.24
2024-12-24,3.35,4.28
2024-12-25,3.35,4.28
2024-12-26,3.35,4.24
2024-12-27,3.35,4.19
2024-12-30,3.35,4.23
2024-12-31,3.35,4.23
2025-01-01,3.04,4.23
2025-01-02,3.04,4.22
2025-01-03,3.04,4.2
2025-01-06,3.04,4.21
2025-01-07,3.04,4.21
2025-01-08,3.04,4.21
2025-01-09,3.04,4.21
2025-01-10,3.04,4.22
2025-01-13,3.04,4.23
2025-01-14,3.04,4.22
2025-01-15,3.04,4.21
2025-01-16,3.04,4.21
2025-01-17,3.04,4.2
2025-01-20,3.04,4.2
2025-01-21,3.04,4.22
2025-01-22,3.04,4.22
2025-01-23,3.04,4.22
2025-01-24,3.04,4.21
2025-01-27,3.04,4.2
2025-01-28,3.04,4.2
2025-01-29,3.04,4.2
2025-01-30,3.04,4.19
2025-01-31,3.04,4.2
2025-02-01,2.95,4.2
2025-02-03,2.95,4.22
2025-02-04,2.95,4.22
2025-02-05,2.95,4.22
2025-02-06,2.95,4.22
2025-02-07,2.95,4.24
2025-02-10,2.95,4.23
2025-02-11,2.95,4.23
2025-02-12,2.95,4.23
2025-02-13,2.95,4.22
2025-02-14,2.95,4.22
2025-02-17,2.95,4.22
2025-02-18,2.95,4.23
2025-02-19,2.95,4.22
2025-02-20,2.95,4.21
2025-02-21,2.95,4.21
2025-02-24,2.95,4.19
2025-02-25,2.95,4.19
2025-02-26,2.95,4.2
2025-02-27,2.95,4.2
2025-02-28,2.95,4.2
2025-03-01,2.84,4.2
2025-03-03,2.84,4.21
2025-03-04,2.84,4.2
2025-03-05,2.84,4.21
2025-03-06,2.84,4.2
2025-03-07,2.84,4.2
2025-03-10,2.84,4.19
2025-03-11,2.84,4.2
2025-03-12,2.84,4.21
2025-03-13,2.84,4.2
2025-03-14,2.84,4.2
2025-03-17,2.84,4.2
2025-03-18,2.84,4.2
2025-03-19,2.84,4.2
2025-03-20,2.84,4.19
2025-03-21,2.84,4.19
2025-03-24,2.84,4.19
2025-03-25,2.84,4.19
2025-03-26,2.84,4.2
2025-03-27,2.84,4.2
2025-03-28,2.84,4.2
2025-03-31,2.84,4.21
2025-04-01,2.74,4.2
2025-04-02,2.74,4.21
2025-04-03,2.74,4.2
2025-04-04,2.74,4.17
2025-04-07,2.74,4.17
2025-04-08,2.74,4.19
2025-04-09,2.74,4.24
2025-04-10,2.74,4.22
2025-04-11,2.74,4.23
2025-04-14,2.74,4.22
2025-04-15,2.74,4.22
2025-04-16,2.74,4.21
2025-04-17,2.74,4.23
2025-04-18,2.74,4.23
2025-04-21,2.74,4.22
2025-04-22,2.74,4.22
2025-04-23,2.74,4.22
2025-04-24,2.74,4.21
2025-04-25,2.74,4.21
2025-04-28,2.74,4.2
2025-04-29,2.74,4.2
2025-04-30,2.74,4.2
2025-05-01,2.67,4.2
2025-05-02,2.67,4.22
2025-05-05,2.67,4.22
2025-05-06,2.67,4.22
2025-05-07,2.67,4.22
2025-05-08,2.67,4.23
2025-05-09,2.67,4.22
2025-05-12,2.67,4.31
2025-05-13,2.67,4.29
2025-05-14,2.67,4.29
2025-05-15,2.67,4.27
2025-05-16,2.67,4.25
2025-05-19,2.67,4.28
2025-05-20,2.67,4.26
2025-05-21,2.67,4.24
2025-05-22,2.67,4.25
2025-05-23,2.67,4.24
2025-05-26,2.67,4.24
2025-05-27,2.67,4.24
2025-05-28,2.67,4.24
2025-05-29,2.67,4.25
2025-05-30,2.67,4.25
2025-06-01,2.57,4.25
2025-06-02,2.57,4.25
2025-06-03,2.57,4.24
2025-06-04,2.57,4.25
2025-06-05,2.57,4.25
2025-06-06,2.57,4.25
2025-06-09,2.57,4.25
2025-06-10,2.57,4.26
2025-06-11,2.57,4.26
2025-06-12,2.57,4.27
2025-06-13,2.57,4.26
2025-06-16,2.57,4.24
2025-06-17,2.57,4.23
2025-06-18,2.57,4.23
2025-06-19,2.57,4.23
2025-06-20,2.57,4.21
2025-06-23,2.57,4.19
2025-06-24,2.57,4.19
2025-06-25,2.57,4.19
2025-06-26,2.57,4.21
2025-06-27,2.57,4.2
2025-06-30,2.57,4.24
2025-07-01,2.51,4.24
2025-07-02,2.51,4.24
2025-07-03,2.51,4.26
2025-07-04,2.51,4.26
2025-07-07,2.51,4.26
2025-07-08,2.51,4.26
2025-07-09,2.51,4.26
2025-07-10,2.51,4.25
2025-07-11,2.51,4.25
2025-07-14,2.51,4.26
2025-07-15,2.51,4.25
2025-07-16,2.51,4.24
2025-07-17,2.51,4.24
2025-07-18,2.51,4.24
2025-07-21,2.51,4.24
2025-07-22,2.51,4.24
2025-07-23,2.51,4.25
2025-07-24,2.51,4.25
2025-07-25,2.51,4.25
2025-07-28,2.51,4.24
2025-07-29,2.51,4.24
2025-07-30,2.51,4.25
2025-07-31,2.51,4.24
2025-08-01,2.51,4.19
2025-08-04,2.51,4.16
2025-08-05,2.51,4.16
2025-08-06,2.51,4.14
2025-08-07,2.51,4.14
2025-08-08,2.51,4.14
2025-08-11,2.51,4.15
2025-08-12,2.51,4.14
2025-08-13,2.51,4.11
2025-08-14,2.51,4.12
2025-08-15,2.51,4.12
2025-08-18,2.51,4.14
2025-08-19,2.51,4.12
2025-08-20,2.51,4.12
2025-08-21,2.51,4.14
2025-08-22,2.51,4.1
2025-08-25,2.51,4.1
2025-08-26,2.51,4.1
2025-08-27,2.51,4.08
2025-08-28,2.51,4.08
2025-08-29,2.51,4.05
2025-09-01,2.56,4.05
2025-09-02,2.56,4.05
2025-09-03,2.56,4.03
2025-09-04,2.56,4.01
2025-09-05,2.56,3.92
2025-09-08,2.56,3.95
2025-09-09,2.56,3.95
2025-09-10,2.56,3.94
2025-09-11,2.56,3.94
2025-09-12,2.56,3.94
2025-09-15,2.56,3.91
2025-09-16,2.56,3.9
2025-09-17,2.56,3.88
2025-09-18,2.56,3.89
2025-09-19,2.56,3.89
2025-09-22,2.56,3.86
2025-09-23,2.56,3.86
2025-09-24,2.56,3.87
2025-09-25,2.56,3.89
2025-09-26,2.56,3.87
2025-09-29,2.56,3.86
2025-09-30,2.56,3.86
2025-10-01,2.55,3.85
2025-10-02,2.55,3.86
2025-10-03,2.55,3.87
2025-10-06,2.55,3.86
2025-10-07,2.55,3.85
2025-10-08,2.55,3.85
2025-10-09,2.55,3.87
2025-10-10,2.55,3.86
2025-10-13,2.55,3.86
2025-10-14,2.55,3.85
2025-10-15,2.55,3.87
2025-10-16,2.55,3.86
2025-10-17,2.55,3.84
2025-10-20,2.55,3.81
2025-10-21,2.55,3.8
2025-10-22,2.55,3.8
2025-10-23,2.55,3.8
2025-10-24,2.55,3.77
2025-10-27,2.55,3.73
2025-10-28,2.55,3.73
2025-10-29,2.55,3.77
2025-10-30,2.55,3.76
2025-10-31,2.55,3.73
2025-11-01,2.69,3.73
2025-11-03,2.69,3.82
2025-11-04,2.69,3.8
2025-11-05,2.69,3.8
2025-11-06,2.69,3.77
2025-11-07,2.69,3.77
2025-11-10,2.69,3.79
2025-11-11,2.69,3.79
2025-11-12,2.69,3.79
2025-11-13,2.69,3.8
2025-11-14,2.69,3.8
2025-11-17,2.69,3.8
2025-11-18,2.69,3.78
2025-11-19,2.69,3.79
2025-11-20,2.69,3.78
2025-11-21,2.69,3.75
2025-11-24,2.69,3.75
2025-11-25,2.69,3.74
2025-11-26,2.69,3.76
2025-11-27,2.69,3.76
2025-11-28,2.69,3.73
2025-12-01,2.84,3.71
2025-12-02,2.84,3.68
2025-12-03,2.84,3.64
2025-12-04,2.84,3.63
2025-12-05,2.84,3.62
2025-12-08,2.84,3.64
2025-12-09,2.84,3.64
2025-12-10,2.84,3.6
2025-12-11,2.84,3.58
2025-12-12,2.84,3.54
2025-12-15,2.84,3.56
2025-12-16,2.84,3.56
2025-12-17,2.84,3.55
2025-12-18,2.84,3.53
2025-12-19,2.84,3.54
2025-12-22,2.84,3.56
2025-12-23,2.84,3.56
2025-12-24,2.84,3.6
2025-12-25,2.84,3.6
2025-12-26,2.84,3.56
2025-12-29,2.84,3.57
2025-12-30,2.84,3.55
2025-12-31,2.84,3.57
2026-01-01,2.7,3.57
2026-01-02,2.7,3.54
2026-01-05,2.7,3.54
2026-01-06,2.7,3.53
2026-01-07,2.7,3.52
2026-01-08,2.7,3.52
2026-01-09,2.7,3.52
2026-01-12,2.7,3.56
2026-01-13,2.7,3.57
2026-01-14,2.7,3.57
2026-01-15,2.7,3.57
2026-01-16,2.7,3.57
2026-01-19,2.7,3.57
2026-01-20,2.7,3.59
2026-01-21,2.7,3.59
2026-01-22,2.7,3.6
2026-01-23,2.7,3.59
2026-01-26,2.7,3.59
2026-01-27,2.7,3.58
2026-01-28,2.7,3.59
2026-01-29,2.7,3.59
2026-01-30,2.7,3.58
2026-02-01,2.78,3.58
2026-02-02,2.78,3.6
2026-02-03,2.78,3.6
2026-02-04,2.78,3.6
2026-02-05,2.78,3.59
2026-02-06,2.78,3.6
2026-02-09,2.78,3.6
2026-02-10,2.78,3.6
2026-02-11,2.78,3.61
2026-02-12,2.78,3.61
2026-02-13,2.78,3.6
2026-02-16,2.78,3.6
2026-02-17,2.78,3.61
2026-02-18,2.78,3.61
2026-02-19,2.78,3.61
2026-02-20,2.78,3.6
2026-02-23,2.78,3.6
2026-02-24,2.78,3.6
2026-02-25,2.78,3.6
2026-02-26,2.78,3.6
2026-02-27,2.78,3.59
2026-03-01,2.82,3.59
2026-03-02,2.82,3.61
2026-03-03,2.82,3.6
2026-03-04,2.82,3.6
2026-03-05,2.82,3.59
2026-03-06,2.82,3.58
2026-03-09,2.82,3.61
2026-03-10,2.82,3.6
2026-03-11,2.82,3.61
2026-03-12,2.82,3.61
2026-03-13,2.82,3.61
2026-03-16,2.82,3.61
2026-03-17,2.82,3.61
2026-03-18,2.82,3.62
2026-03-19,2.82,3.62
2026-03-20,2.82,3.63
2026-03-23,2.82,3.63
2026-03-24,2.82,3.63
2026-03-25,2.82,3.63
2026-03-26,2.82,3.63
2026-03-27,2.82,3.62
2026-03-30,2.82,3.62
2026-03-31,2.82,3.61
2026-04-01,2.82,3.61
2026-04-02,2.82,3.61
2026-04-03,2.82,3.62
2026-04-06,2.82,3.64
2026-04-07,2.82,3.62
2026-04-08,2.82,3.61
2026-04-09,2.82,3.6
2026-04-10,2.82,3.6
2026-04-13,2.82,3.62
2026-04-14,2.82,3.62
2026-04-15,2.82,3.62
2026-04-16,2.82,3.62
2026-04-17,2.82,3.61
2026-04-20,2.82,3.62
2026-04-21,2.82,3.6
2026-04-22,2.82,3.6
2026-04-23,2.82,3.6
2026-04-24,2.82,3.6
2026-04-27,2.82,3.6
2026-04-28,2.82,3.6
2026-04-29,2.82,3.6
2026-04-30,2.82,3.59
2026-05-01,2.82,3.59
2026-05-04,2.82,3.61
2026-05-05,2.82,3.61
2026-05-06,2.82,3.61
2026-05-07,2.82,3.61
2026-05-08,2.82,3.6
2026-05-11,2.82,3.61
2026-05-12,2.82,3.61
2026-05-13,2.82,3.61
2026-05-14,2.82,3.6
2026-05-15,2.82,3.6
2026-05-18,2.82,3.6
2026-05-19,2.82,3.59
2026-05-20,2.82,3.57
2026-05-21,2.82,3.59
2026-05-22,2.82,3.59
2026-05-25,2.82,3.59
2026-05-26,2.82,3.6
2026-05-27,2.82,3.59
2026-05-28,2.82,3.6
2026-05-29,2.82,3.6
2026-06-01,2.82,3.63
2026-06-02,2.82,3.63
2026-06-03,2.82,3.63
2026-06-04,2.82,3.63
2026-06-05,2.82,3.63
2026-06-08,2.82,3.65
2026-06-09,2.82,3.64
2026-06-10,2.82,3.64
2026-06-11,2.82,3.63
2026-06-12,2.82,3.63
2026-06-15,2.82,3.64
2026-06-16,2.82,3.64
2026-06-17,2.82,3.68
2026-06-18,2.82,3.67
2026-06-19,2.82,3.67
2026-06-22,2.82,3.7
2026-06-23,2.82,3.7
2026-06-24,2.82,3.7
2026-06-25,2.82,3.69
2026-06-26,2.82,3.67
2026-06-29,2.82,3.74
2026-06-30,2.82,3.74
2026-07-01,2.82,3.71
2026-07-02,2.82,3.68
2026-07-03,2.82,3.68
2026-07-06,2.82,3.74
