t1,t0,S0,S1,F,K,r_diff,FX_EWI,sigma,IZ,P_breach,LossAlert,h,eff_P0,eff_P1,eff_P2,cancelled,unwind_P1,unwind_P2,pnl_P0,pnl_P1,pnl_P2,cost_P1,cost_P2
2020-09-30,2020-07-05,1198.5,1163.780029296875,1200.446881091618,1195.1507931663878,0.006500000000000001,28.711608705359186,0.06776440316765069,1,0.32808306655822117,0.0941979262987396,0.0,1163.780029296875,1198.446881091618,1163.780029296875,0,0.0,0.0,-15685381.934756378,1648043.9626151337,-15685381.934756378,1000000.0,0.0
2020-10-30,2020-08-03,1191.760009765625,1129.52001953125,1193.4876298747577,1195.320316859654,0.0058000000000000005,62.3900469069084,0.060661328137422504,1,0.3760832508178282,0.234638516594269,0.5,1129.52001953125,1191.4876298747577,1160.5038247030038,0,0.0,0.0,-32900148.664201993,-1916343.4924481635,-17408246.078325078,1000000.0,500000.0
2020-11-30,2020-09-01,1184.9200439453125,1104.3299560546875,1186.430363905355,1193.9463878813244,0.0051,70.17010526636173,0.0568003140642965,0,0.6000107000186196,0.4210281398124992,1.0,1104.3299560546875,1184.430363905355,1184.430363905355,0,0.0,0.0,-44808215.91331846,-4758011.987984673,-4758011.987984673,1000000.0,1000000.0
2020-12-31,2020-10-04,1165.3599853515625,1086.4200439453125,1166.932867433319,1192.3189668201264,0.0054,49.22983801383345,0.055388300879788,0,0.7767441534147443,0.3823898885080006,1.0,1086.4200439453125,1164.932867433319,1164.932867433319,0,0.0,0.0,-52949461.437406965,-13693049.693403736,-13693049.693403736,1000000.0,1000000.0
2021-01-29,2020-11-03,1132.1400146484375,1112.2900390625,1133.7246145189774,1190.14357164171,0.0056,61.424871228866664,0.06442756437316759,0,0.9092034764706848,0.5584770646304972,1.0,1112.2900390625,1131.7246145189774,1131.7246145189774,0,0.0,0.0,-38926766.289604984,-29209478.561366268,-29209478.561366268,1000000.0,1000000.0
2021-02-26,2020-12-01,1108.510009765625,1119.1300048828125,1110.0892811934698,1184.974603077722,0.0057,19.28005633920936,0.056229115130702466,1,0.6776885638073511,0.13065873690643606,0.0,1119.1300048828125,1108.0892811934698,1119.1300048828125,0,0.0,0.0,-32922299.097454697,-38442660.94212605,-32922299.097454697,1000000.0,0.0
2021-03-31,2021-01-04,1084.72998046875,1127.199951171875,1086.3295972761598,1178.5305156405009,0.005900000000000001,28.11520056910875,0.05905700780344691,0,0.9811975013363764,0.27586564547980574,0.5,1127.199951171875,1084.3295972761598,1105.7647742240174,0,0.0,0.0,-25665282.23431294,-47100459.18217054,-36382870.70824174,1000000.0,500000.0
2021-04-29,2021-02-02,1116.8800048828125,1106.6300048828125,1118.7225344481951,1172.0906749906994,0.0066,78.41274570515317,0.05899882588284912,0,0.9185772870185118,0.7202816721751207,1.0,1106.6300048828125,1116.7225344481951,1116.7225344481951,0,0.0,0.0,-32730335.053943463,-27684070.27125215,-27684070.27125215,1000000.0,1000000.0
2021-05-31,2021-03-04,1129.5,1106.97998046875,1131.5046620337966,1164.4503556508866,0.0070999999999999995,97.10202859974075,0.1236972063161928,0,0.6784587782726934,0.6587972369158025,1.0,1106.97998046875,1129.5046620337966,1129.5046620337966,0,0.0,0.0,-28735187.591068324,-17472846.808545,-17472846.808545,1000000.0,1000000.0
2021-06-30,2021-04-04,1128.7900390625,1129.5999755859375,1130.8217595467881,1155.9788866799975,0.007200000000000001,14.364648903852869,0.08538657207464623,0,0.6993868799163376,0.10046446977959297,0.0,1129.5999755859375,1128.8217595467881,1129.5999755859375,0,0.0,0.0,-13189455.54702998,-13578563.566604657,-13189455.54702998,1000000.0,0.0
2021-07-29,2021-05-03,1120.4000244140625,1142.1199951171875,1122.1924852070458,1147.0905136835008,0.0064,57.00074784740209,0.06859187922012021,0,0.738524098816906,0.4209642593589232,1.0,1142.1199951171875,1120.1924852070458,1120.1924852070458,0,0.0,0.0,-2485259.2831566655,-13449014.238227505,-13449014.238227505,1000000.0,1000000.0
2021-08-31,2021-06-03,1115.43994140625,1158.4100341796875,1117.2245560817662,1138.0909104120165,0.0064,64.16074278568755,0.07025264315103585,0,0.7040602816613686,0.45173030637293793,1.0,1158.4100341796875,1115.2245560817662,1115.2245560817662,0,0.0,0.0,10159561.883835522,-11433177.16512513,-11433177.16512513,1000000.0,1000000.0
2021-09-30,2021-07-05,1129.43994140625,1183.719970703125,1131.2468194527444,1131.3487282404824,0.0063999999999999994,15.930066131775778,0.06435951206358491,0,0.5199085484135904,0.08282177558704043,0.0,1183.719970703125,1129.2468194527444,1183.719970703125,0,0.0,0.0,26185621.231321305,-1050954.3938690058,26185621.231321305,1000000.0,0.0
2021-10-28,2021-08-02,1149.56005859375,1167.3699951171875,1151.629008080533,1127.719958592975,0.0072,77.70519267112422,0.06653252676049608,1,0.20621704297983254,0.16024135056817393,0.5,1167.3699951171875,1149.629008080533,1158.4995015988602,0,0.0,0.0,19825018.262106255,10954524.74377896,15389771.502942609,1000000.0,500000.0
2021-11-30,2021-09-01,1155.280029296875,1190.739990234375,1157.965719653696,1125.4701571994358,0.0093,72.88698227987992,0.07521561419792916,1,0.18128376724567194,0.13213226730865166,0.0,1190.739990234375,1155.965719653696,1190.739990234375,0,0.0,0.0,32634916.517469604,15247781.227130076,32634916.517469604,1000000.0,0.0
2021-12-31,2021-10-04,1183.780029296875,1189.8900146484375,1186.8575496210144,1126.6504749116443,0.010400000000000001,46.9566050783099,0.06743720669404975,0,0.10115179171823423,0.047497447366765824,0.0,1189.8900146484375,1184.8575496210144,1189.8900146484375,0,0.0,0.0,31619769.868396588,29103537.354685046,31619769.868396588,1000000.0,0.0
2022-01-31,2021-11-03,1178.0400390625,1207.7099609375,1181.3381389093943,1131.1280551486545,0.011199999999999998,55.09720954055626,0.067431708061123,0,0.14101227068138908,0.07769382625522132,0.0,1207.7099609375,1179.3381389093943,1207.7099609375,0,0.0,0.0,38290952.89442273,24105041.880369868,38290952.89442273,1000000.0,0.0
2022-02-28,2021-12-01,1182.8599853515625,1197.5899658203125,1186.4376001650287,1137.9307139563182,0.0121,79.9114802552992,0.08350889773994219,0,0.19813669231955672,0.15833396376144548,0.5,1197.5899658203125,1184.4376001650287,1191.0137829926707,0,0.0,0.0,29829625.931997158,23253443.104355257,26541534.51817626,1000000.0,500000.0
2022-03-31,2022-01-04,1194.6800537109375,1214.5,1198.5918485278773,1146.5482550726997,0.013099999999999999,41.959529373186975,0.0571350164616073,1,0.07334297693669599,0.030774367950922702,0.0,1214.5,1196.5918485278773,1214.5,0,0.0,0.0,33975872.463650145,25021796.72758882,33975872.463650145,1000000.0,0.0
2022-04-28,2022-02-01,1205.1199951171875,1272.2900390625,1209.0346777599968,1153.4976603190105,0.013,57.52549157681837,0.05536533083985225,1,0.06111163070694449,0.0351547659747797,0.0,1272.2900390625,1207.0346777599968,1272.2900390625,0,0.0,0.0,59396189.37174475,26768508.720493175,59396189.37174475,1000000.0,0.0
2022-05-31,2022-03-04,1205.989990234375,1241.739990234375,1209.514603150155,1160.7186129131014,0.011699999999999999,76.34049803961359,0.06015772860759745,1,0.090757957732729,0.06928507694374732,0.0,1241.739990234375,1207.514603150155,1241.739990234375,0,0.0,0.0,40510688.66063679,23397995.11852675,40510688.66063679,1000000.0,0.0
2022-06-30,2022-04-04,1213.9000244140625,1287.7099609375,1216.838809508234,1169.1763523646764,0.009699999999999997,57.71604441405598,0.09274002666508772,0,0.22749164057318544,0.1312991763114843,0.0,1287.7099609375,1214.838809508234,1287.7099609375,0,0.0,0.0,59266804.2864118,22831228.571778752,59266804.2864118,1000000.0,0.0
2022-07-31,2022-05-03,1261.06005859375,1302.280029296875,1263.7967067628108,1179.4955187600756,0.0087,50.64937013127834,0.08530872741855734,0,0.08887743560411715,0.04501586132231785,0.0,1302.280029296875,1261.7967067628108,1302.280029296875,0,0.0,0.0,61392255.26839971,41150594.001367606,61392255.26839971,1000000.0,0.0
2022-08-31,2022-06-05,1250.530029296875,1342.260009765625,1253.0861392353634,1192.7540893554688,0.008200000000000002,48.862032778629874,0.10808566364843333,1,0.14751504626042242,0.07207885025717863,0.0,1342.260009765625,1251.0861392353634,1342.260009765625,0,0.0,0.0,74752960.20507812,29166024.939947307,74752960.20507812,1000000.0,0.0
2022-09-29,2022-07-04,1295.6800537109375,1430.1700439453125,1298.099413468651,1205.2030581519716,0.0075,52.40144609564157,0.10495841404513694,1,0.07920041718605209,0.04150216391927233,0.0,1430.1700439453125,1296.099413468651,1430.1700439453125,0,0.0,0.0,112483492.89667045,45448177.65833966,112483492.89667045,1000000.0,0.0
2022-10-31,2022-08-02,1314.6300048828125,1421.6500244140625,1315.6425652622443,1218.3730972532242,0.003100000000000002,28.232296717077404,0.09259454247354323,0,0.08071434080976114,0.022787512190644864,0.0,1421.6500244140625,1313.6425652622443,1421.6500244140625,0,0.0,0.0,101638463.58041917,47634734.00451005,101638463.58041917,1000000.0,0.0
2022-11-30,2022-09-01,1355.0999755859375,1325.3699951171875,1355.5372348115782,1232.1639297727554,0.001299999999999999,49.67952948001867,0.08576055636423273,1,0.027066936476657037,0.01344672668625876,0.0,1325.3699951171875,1353.5372348115782,1325.3699951171875,0,0.0,0.0,46603032.67221604,60686652.519411385,46603032.67221604,1000000.0,0.0
2022-12-30,2022-10-03,1433.3399658203125,1260.260009765625,1434.5837526702087,1250.8860740056114,0.003500000000000003,60.97038008289617,0.09712941355687806,0,0.018916677696728373,0.011533570290751737,0.0,1260.260009765625,1432.5837526702087,1260.260009765625,0,0.0,0.0,4686967.880006819,90848839.33229867,4686967.880006819,1000000.0,0.0
2023-01-31,2022-11-03,1423.0999755859375,1231.5,1422.8534354723627,1272.4101218571739,-0.0006999999999999923,27.73030809198206,0.10282651565962286,0,0.04071220182035065,0.011289618995812763,0.0,1231.5,1420.8534354723627,1231.5,0,0.0,0.0,-20455060.92858693,74221656.8075944,-20455060.92858693,1000000.0,0.0
2023-02-28,2022-12-01,1279.800048828125,1318.3499755859375,1279.1668292700485,1285.3353213355654,-0.0020000000000000018,86.14077233146318,0.16445267825616974,0,0.5199132936971249,0.4478573266446519,1.0,1318.3499755859375,1277.1668292700485,1277.1668292700485,0,0.0,0.0,16507327.125186065,-4084246.0327584147,-4084246.0327584147,1000000.0,1000000.0
2023-03-30,2023-01-03,1270.0999755859375,1296.5,1268.2155542571752,1294.6822645399307,-0.006000000000000005,10.51725136672259,0.15272218740703516,0,0.5941132353782397,0.06248438236769771,0.0,1296.5,1266.2155542571752,1296.5,0,0.0,0.0,908867.7300346717,-14233355.141377728,908867.7300346717,1000000.0,0.0
2023-04-30,2023-02-01,1232.1500244140625,1337.1700439453125,1229.0433031382865,1298.3817889501179,-0.0102,11.746535474498362,0.10043356856501758,0,0.8275599243766089,0.09720962008963017,0.0,1337.1700439453125,1227.0433031382865,1337.1700439453125,0,0.0,0.0,19394127.49759731,-35669242.90591567,19394127.49759731,1000000.0,0.0
2023-05-31,2023-03-06,1294.780029296875,1321.739990234375,1291.101313431445,1304.813929966518,-0.011499999999999996,79.9359764081985,0.10592478118600859,1,0.3885674474805837,0.31060518314801844,0.5,1321.739990234375,1289.101313431445,1305.4206518329102,0,0.0,0.0,8463030.133928556,-7856308.2675364055,303360.93319613155,1000000.0,500000.0
2023-06-29,2023-04-03,1308.050048828125,1323.0699462890625,1303.9459315219717,1311.9178980267236,-0.012699999999999989,30.225074202656504,0.11166627091093287,1,0.36404432708730705,0.1100326679927001,0.0,1323.0699462890625,1301.9459315219717,1323.0699462890625,0,0.0,0.0,5576024.131169447,-4985983.252375945,5576024.131169447,1000000.0,0.0
2023-07-31,2023-05-03,1335.22998046875,1277.9300537109375,1330.45058953913,1317.56539820111,-0.014499999999999999,23.400219601464393,0.08744158178636881,0,0.3864661144691653,0.09043391947103144,0.0,1277.9300537109375,1328.45058953913,1277.9300537109375,0,0.0,0.0,-19817672.245086215,5442595.669010075,-19817672.245086215,1000000.0,0.0
2023-08-31,2023-06-05,1299.7900390625,1324.6400146484375,1295.1387667114618,1323.0714309934585,-0.014500000000000006,48.304862925085786,0.09124324586698089,1,0.4503819084776179,0.21755636352949864,0.5,1324.6400146484375,1293.1387667114618,1308.8893906799497,0,0.0,0.0,784291.8274894828,-14966332.140998362,-7091020.156754439,1000000.0,500000.0
2023-09-28,2023-07-03,1306.0999755859375,1347.8499755859375,1301.3940059298195,1322.740953717913,-0.014600000000000002,81.35319924853628,0.1028756277074735,1,0.4146222303525701,0.33730844918745145,0.5,1347.8499755859375,1299.3940059298195,1323.6219907578784,0,0.0,0.0,12554510.934012229,-11673473.894046765,440518.5199826747,1000000.0,500000.0
2023-10-31,2023-08-02,1295.3699951171875,1348.0699462890625,1290.3517828331942,1320.5958741203187,-0.015699999999999992,39.611562612041354,0.10198555524509295,1,0.44772343692318683,0.17735024954561163,0.5,1348.0699462890625,1288.3517828331942,1318.2108645611283,0,0.0,0.0,13737036.08437188,-16122045.643562274,-1192504.779595197,1000000.0,500000.0
2023-11-30,2023-09-03,1317.4599609375,1288.3599853515625,1312.4540681670985,1318.0949605305989,-0.015400000000000004,25.376045244480178,0.0713160051382168,0,0.5051297046888258,0.12818194240514555,0.0,1288.3599853515625,1310.4540681670985,1288.3599853515625,0,0.0,0.0,-14867487.589518191,-3820446.1817501853,-14867487.589518191,1000000.0,0.0
2023-12-29,2023-10-02,1354.18994140625,1277.8399658203125,1349.078530007825,1311.374046204582,-0.015300000000000001,75.69398412354322,0.07719688669961608,1,0.15509553187075545,0.11739798727057453,0.0,1277.8399658203125,1347.078530007825,1277.8399658203125,0,0.0,0.0,-16767040.1921348,17852241.901621483,-16767040.1921348,1000000.0,0.0
2024-01-31,2023-11-03,1333.6800537109375,1326.6199951171875,1328.941239396175,1306.4482121543278,-0.014399999999999996,77.69373903590325,0.07493984715901046,0,0.3028101780021482,0.23526454947114314,0.5,1326.6199951171875,1326.941239396175,1326.7806172566811,0,0.0,0.0,10085891.481429826,10246513.620923566,10166202.55117664,1000000.0,500000.0
2024-02-29,2023-12-04,1299.18994140625,1333.3800048828125,1294.6056211767404,1304.840075780475,-0.0143,85.64332323694195,0.10489776050311478,1,0.3719555898013517,0.3185551280714455,0.5,1333.3800048828125,1292.6056211767404,1312.9928130297765,0,0.0,0.0,14269964.551168755,-6117227.301867274,4076368.6246507405,1000000.0,500000.0
2024-03-31,2024-01-03,1307.6199951171875,1345.31005859375,1302.7798263463953,1307.3905925447978,-0.015,80.10164637323248,0.11863249440714936,1,0.3492140185438331,0.2797261782197357,0.5,1345.31005859375,1300.7798263463953,1323.0449424700728,0,0.0,0.0,18959733.024476122,-3305383.099201208,7827174.962637514,1000000.0,500000.0
2024-04-30,2024-02-02,1328.949951171875,1385.4599609375,1323.899528140992,1314.6807125031003,-0.015400000000000004,21.947254254674377,0.09050709783376831,0,0.4104611275832921,0.0900849472873085,0.0,1385.4599609375,1321.899528140992,1385.4599609375,0,0.0,0.0,35389624.21719987,3609407.818945897,35389624.21719987,1000000.0,0.0
2024-05-30,2024-03-05,1328.93994140625,1375.6199951171875,1323.7583775846626,1316.9157133556548,-0.01580000000000001,14.036525826244453,0.06789544215657087,0,0.3997965688633425,0.05611754864094226,0.0,1375.6199951171875,1321.7583775846626,1375.6199951171875,0,0.0,0.0,29352140.880766343,2421332.1145039117,29352140.880766343,1000000.0,0.0
2024-06-30,2024-04-02,1350.72998046875,1380.2900390625,1345.2299941211527,1319.1346837603858,-0.0165,52.7321341583624,0.06984685821644233,1,0.18480733518308554,0.09745285192323914,0.0,1380.2900390625,1343.2299941211527,1380.2900390625,0,0.0,0.0,30577677.651057117,12047655.180383459,30577677.651057117,1000000.0,0.0
2024-07-31,2024-05-05,1355.050048828125,1367.9200439453125,1349.5328802147592,1322.6702774290054,-0.016499999999999994,75.93522608473093,0.0835578703776831,1,0.20571476003760414,0.15620996812421642,0.5,1367.9200439453125,1347.5328802147592,1357.7264620800358,0,0.0,0.0,22624883.258153547,12431301.39287689,17528092.325515218,1000000.0,500000.0
2024-08-29,2024-06-03,1370.7900390625,1332.8800048828125,1365.1750968899594,1327.420398530506,-0.016599999999999997,35.39611917576653,0.06919771937253741,0,0.19771332508857006,0.06998284417472096,0.0,1332.8800048828125,1363.1750968899594,1332.8800048828125,0,0.0,0.0,2729803.176153268,17877349.17972671,2729803.176153268,1000000.0,0.0
2024-09-30,2024-07-03,1385.77001953125,1315.3299560546875,1379.956652062088,1334.9928201342386,-0.017,48.42457621091082,0.06536167478147707,0,0.15253856367879742,0.073866153019668,0.0,1315.3299560546875,1377.956652062088,1315.3299560546875,0,0.0,0.0,-9831432.039775563,21481915.963924736,-9831432.039775563,1000000.0,0.0
2024-10-31,2024-08-04,1357.1700439453125,1378.5699462890625,1351.9765775384114,1342.14111328125,-0.015499999999999993,83.49034376486605,0.06598256690234662,1,0.2622995431669357,0.21899479028374788,0.5,1378.5699462890625,1349.9765775384114,1364.2732619137369,0,0.0,0.0,18214416.50390625,3917732.128580724,11066074.31624343,1000000.0,500000.0
2024-11-29,2024-09-02,1337.550048828125,1393.300048828125,1332.7280253423007,1343.7452019585503,-0.014600000000000002,50.887563426455664,0.09228732559300386,0,0.5379393679622813,0.2737442370676806,0.5,1393.300048828125,1330.7280253423007,1362.0140370852127,0,0.0,0.0,24777423.43478735,-6508588.308124785,9134417.563331226,1000000.0,500000.0
2024-12-31,2024-10-02,1324.030029296875,1467.3900146484375,1320.5929458050787,1342.4196079799108,-0.010500000000000002,74.71744785261363,0.0969609003652977,0,0.6062893907795129,0.4530039593916114,1.0,1467.3900146484375,1318.5929458050787,1318.5929458050787,0,0.0,0.0,62485203.33426336,-11913331.087416055,-11913331.087416055,1000000.0,1000000.0
2025-01-31,2024-11-04,1379.3399658203125,1441.6600341796875,1375.8612625141689,1345.2466328938801,-0.0102,28.774829143235138,0.07433397784542758,0,0.26528382832093644,0.07633496834398269,0.0,1441.6600341796875,1373.8612625141689,1441.6600341796875,0,0.0,0.0,48206700.642903686,14307314.810144363,48206700.642903686,1000000.0,0.0
2025-02-28,2024-12-02,1399.8599853515625,1449.8599853515625,1396.2943891674977,1352.6391722664,-0.010299999999999997,54.95810010902119,0.09852797478657131,1,0.18099654700007092,0.09947226349417057,0.0,1449.8599853515625,1394.2943891674977,1449.8599853515625,0,0.0,0.0,48610406.542581245,20827608.45054884,48610406.542581245,1000000.0,0.0
2025-03-31,2025-01-02,1473.52001953125,1471.9599609375,1469.218516332381,1364.6136164589534,-0.011799999999999995,55.1666856575243,0.09700938930248175,0,0.0871351537447871,0.04806957636358721,0.0,1471.9599609375,1467.218516332381,1471.9599609375,0,0.0,0.0,53673172.2392733,51302449.93671374,53673172.2392733,1000000.0,0.0
2025-04-30,2025-01-30,1443.3199462890625,1423.75,1439.2134173342827,1373.7507585797991,-0.011500000000000007,71.72692245603656,0.1317251712917616,1,0.17044600447395317,0.12225567345844499,0.0,1423.75,1437.2134173342827,1423.75,0,0.0,0.0,24999620.71010043,31731329.377241764,24999620.71010043,1000000.0,0.0
2025-05-29,2025-02-28,1449.8599853515625,1370.4100341796875,1445.3762520965167,1383.233655657087,-0.0125,24.591636264544988,0.08948754181736793,1,0.11942588133480811,0.029368778343583136,0.0,1370.4100341796875,1443.3762520965167,1370.4100341796875,0,0.0,0.0,-6411810.738699728,30071298.21971489,-6411810.738699728,1000000.0,0.0
2025-06-30,2025-03-31,1471.9599609375,1348.5,1466.971006813445,1393.2505599733383,-0.0137,22.086649787382363,0.08589455643441675,0,0.12842214776055524,0.028364150025308538,0.0,1348.5,1464.971006813445,1348.5,0,0.0,0.0,-22375279.98666917,35860223.42005333,-22375279.98666917,1000000.0,0.0
2025-07-31,2025-05-05,1374.3699951171875,1391.510009765625,1369.0999107759087,1399.062267000713,-0.015499999999999996,86.97793280765605,0.15891069917234438,0,0.5842293749048122,0.5081506331472965,1.0,1391.510009765625,1367.0999107759087,1367.0999107759087,0,0.0,0.0,-3776128.6175440317,-15981178.112402176,-15981178.112402176,1000000.0,1000000.0
2025-08-31,2025-06-03,1377.719970703125,1388.8399658203125,1372.028321309017,1400.77004375155,-0.016700000000000003,16.01930060611417,0.13258042579833298,0,0.5938412044484214,0.09512920766356167,0.0,1388.8399658203125,1370.028321309017,1388.8399658203125,0,0.0,0.0,-5965038.96561876,-15370861.221266523,-5965038.96561876,1000000.0,0.0
2025-09-30,2025-07-03,1357.0999755859375,1403.1500244140625,1351.2252292413193,1398.8639710441469,-0.0175,35.632835543999,0.11880991593884144,1,0.4789375498480996,0.1706590294958316,0.5,1403.1500244140625,1349.2252292413193,1376.187626827691,0,0.0,0.0,2143026.6849578177,-24819370.901413776,-11338172.108227924,1000000.0,500000.0
2025-10-31,2025-08-04,1383.5899658203125,1424.02001953125,1377.941402272204,1399.266550215464,-0.0165,42.752287234549705,0.07814958711878237,0,0.6076698468095585,0.25979275834577065,0.5,1424.02001953125,1375.941402272204,1399.980710901727,0,0.0,0.0,12376734.657893052,-11662573.971629968,357080.34313154256,1000000.0,500000.0
2025-11-28,2025-09-01,1392.93994140625,1461.4000244140625,1387.8032491337706,1403.254644969153,-0.0149,61.436221526580326,0.0739865788848716,1,0.4025768644489672,0.24732801425762846,0.5,1461.4000244140625,1385.8032491337706,1423.6016367739167,0,0.0,0.0,29072689.722454697,-8725697.917691264,10173495.902381774,1000000.0,500000.0
2025-12-31,2025-10-01,1401.8199462890625,1437.9100341796875,1397.307464104648,1408.7221035427517,-0.013000000000000001,61.21565699224697,0.07129934592359577,1,0.38647183360877857,0.23658127203359733,0.5,1437.9100341796875,1395.307464104648,1416.6087491421677,0,0.0,0.0,14593965.318467895,-6707319.719051839,3943322.799707971,1000000.0,500000.0
2026-01-30,2025-10-31,1424.02001953125,1428.760009765625,1419.8579715708634,1412.8649209643168,-0.011800000000000001,46.671366002296445,0.06100097832632985,0,0.40340170290150096,0.18827308522065603,0.5,1428.760009765625,1417.8579715708634,1423.3089906682442,0,0.0,0.0,7947544.400654124,2496525.3032733016,5222034.851963713,1000000.0,500000.0
2026-02-27,2025-11-28,1461.4000244140625,1432.3199462890625,1457.6354886466174,1417.4559917147196,-0.0104,91.71057696256266,0.08675792365856759,0,0.25647927089617695,0.23521861912825792,0.5,1432.3199462890625,1455.6354886466174,1443.97771746784,0,0.0,0.0,7431977.287171435,19089748.465948902,13260862.876560168,1000000.0,500000.0
2026-03-31,2026-01-02,1443.6400146484375,1503.3299560546875,1440.6349653043708,1418.8974609375,-0.008399999999999998,77.65070853038351,0.09570425815246865,1,0.2564311800531692,0.1991206282041094,0.5,1503.3299560546875,1438.6349653043708,1470.9824606795291,0,0.0,0.0,42216247.55859375,9868752.18343539,26042499.87101457,1000000.0,500000.0
2026-04-30,2026-02-03,1452.5400390625,1474.010009765625,1449.5888923032553,1419.6038895864335,-0.008200000000000006,78.21912410644163,0.09920241327931624,1,0.2321252644034998,0.18156634864617927,0.5,1474.010009765625,1447.5888923032553,1460.7994510344402,0,0.0,0.0,27203060.08959574,13992501.358410891,20597780.724003315,1000000.0,500000.0
2026-05-31,2026-03-04,1483.0699462890625,1506.8399658203125,1480.2037556099115,1419.9395635695685,-0.007800000000000005,65.38884603868199,0.08633330174425752,0,0.1799192444600345,0.11764711775393183,0.0,1506.8399658203125,1478.2037556099115,1506.8399658203125,0,0.0,0.0,43450201.125372015,29132096.0201715,43450201.125372015,1000000.0,0.0
2026-06-30,2026-04-02,1509.219970703125,1548.6099853515625,1506.265921554552,1422.7646818615142,-0.0079,24.19423191843827,0.1347935051470669,1,0.14751473129555104,0.035690056203506654,0.0,1548.6099853515625,1504.265921554552,1548.6099853515625,0,0.0,0.0,62922651.74502415,40750619.84651893,62922651.74502415,1000000.0,0.0
2026-07-06,2026-04-08,1477.5999755859375,1528.760009765625,1474.707817362125,1423.8611493791852,-0.0079,25.097500549105213,0.12145787751810831,0,0.28424812141844813,0.07133917383381627,0.0,1528.760009765625,1472.707817362125,1528.760009765625,0,0.0,0.0,52449430.193219885,24423333.991469916,52449430.193219885,1000000.0,0.0
